[2025-12-30 15:52:18,407] INFO 0055_jobs_directories: Migration has been started. Need to create 0 directories.
[2025-12-30 15:52:18,408] INFO 0055_jobs_directories: Migration has been finished successfully.
[2025-12-30 15:52:18,453] INFO 0056_jobs_previews: Migration has been started. Need to create 0 previews.
[2025-12-30 15:52:20,172] INFO 0062_delete_previews: 
Deleting Data previews...
[2025-12-30 15:52:20,177] INFO 0062_delete_previews: 
Deleting Job previews...
[2025-12-30 15:52:20,178] INFO 0062_delete_previews: 
Deleting CloudStorage previews...
[2025-12-30 15:52:20,254] INFO 0064_delete_or_rename_wrong_labels: 
Deleting skeleton Labels without skeletons...
[2025-12-30 15:52:20,257] INFO 0064_delete_or_rename_wrong_labels: 
Deleting duplicate skeleton sublabels and renaming duplicate Labels...
[2025-12-30 15:52:22,625] INFO 0083_move_to_segment_chunks: Information about migrated tasks is available in the migration log file: /home/django/logs/migrations/0083_move_to_segment_chunks-data_ids.log. You will need to remove data manually for these tasks.
[2025-12-30 15:52:45,032] DEBUG rq.worker: Registering birth of worker 8459a159df7149e7bc86b2ed8ebd7100
[2025-12-30 15:52:45,036] INFO rq.worker: Worker rq:worker:8459a159df7149e7bc86b2ed8ebd7100 started with PID 181, version 1.16.0
[2025-12-30 15:52:45,036] INFO rq.worker: Subscribing to channel rq:pubsub:8459a159df7149e7bc86b2ed8ebd7100
[2025-12-30 15:52:45,039] INFO rq.worker: *** Listening on import...
[2025-12-30 15:52:45,039] DEBUG rq.worker: Sent heartbeat to prevent worker timeout. Next one should arrive in 480 seconds.
[2025-12-30 15:52:45,041] INFO rq.worker: Cleaning registries for queue: import
[2025-12-30 15:52:45,045] DEBUG rq.worker: *** Listening on import...
[2025-12-30 15:52:45,046] DEBUG rq.worker: Sent heartbeat to prevent worker timeout. Next one should arrive in 480 seconds.
[2025-12-30 15:52:45,047] DEBUG rq.worker: Dequeueing jobs on queues import and timeout 405
[2025-12-30 15:52:45,216] DEBUG rq.worker: Registering birth of worker 70397d1360844df788a2927896f54e9c
[2025-12-30 15:52:45,219] INFO rq.worker: Worker rq:worker:70397d1360844df788a2927896f54e9c started with PID 180, version 1.16.0
[2025-12-30 15:52:45,219] INFO rq.worker: Subscribing to channel rq:pubsub:70397d1360844df788a2927896f54e9c
[2025-12-30 15:52:45,222] INFO rq.worker: *** Listening on import...
[2025-12-30 15:52:45,222] DEBUG rq.worker: Sent heartbeat to prevent worker timeout. Next one should arrive in 480 seconds.
[2025-12-30 15:52:45,224] INFO rq.worker: Cleaning registries for queue: import
[2025-12-30 15:52:45,227] DEBUG rq.worker: *** Listening on import...
[2025-12-30 15:52:45,228] DEBUG rq.worker: Sent heartbeat to prevent worker timeout. Next one should arrive in 480 seconds.
[2025-12-30 15:52:45,228] DEBUG rq.worker: Dequeueing jobs on queues import and timeout 405
[2025-12-30 15:52:55,485] INFO rq_scheduler.scheduler: Registering birth
[2025-12-30 15:52:55,598] DEBUG rq.worker: Registering birth of worker 3ab2698b3ed44aa4aa07977fae3c6b8e
[2025-12-30 15:52:55,601] INFO rq.worker: Worker rq:worker:3ab2698b3ed44aa4aa07977fae3c6b8e started with PID 225, version 1.16.0
[2025-12-30 15:52:55,601] INFO rq.worker: Subscribing to channel rq:pubsub:3ab2698b3ed44aa4aa07977fae3c6b8e
[2025-12-30 15:52:55,604] INFO rq.worker: *** Listening on chunks...
[2025-12-30 15:52:55,604] DEBUG rq.worker: Sent heartbeat to prevent worker timeout. Next one should arrive in 480 seconds.
[2025-12-30 15:52:55,606] INFO rq.worker: Cleaning registries for queue: chunks
[2025-12-30 15:52:55,609] DEBUG rq.worker: *** Listening on chunks...
[2025-12-30 15:52:55,610] DEBUG rq.worker: Sent heartbeat to prevent worker timeout. Next one should arrive in 480 seconds.
[2025-12-30 15:52:55,611] DEBUG rq.worker: Dequeueing jobs on queues chunks and timeout 405
[2025-12-30 15:52:55,689] DEBUG rq.worker: Registering birth of worker 28efe0c19e154cae8dddb368a87aedc2
[2025-12-30 15:52:55,691] INFO rq.worker: Worker rq:worker:28efe0c19e154cae8dddb368a87aedc2 started with PID 224, version 1.16.0
[2025-12-30 15:52:55,692] INFO rq.worker: Subscribing to channel rq:pubsub:28efe0c19e154cae8dddb368a87aedc2
[2025-12-30 15:52:55,694] INFO rq.worker: *** Listening on consensus...
[2025-12-30 15:52:55,694] DEBUG rq.worker: Sent heartbeat to prevent worker timeout. Next one should arrive in 480 seconds.
[2025-12-30 15:52:55,696] INFO rq.worker: Cleaning registries for queue: consensus
[2025-12-30 15:52:55,699] DEBUG rq.worker: *** Listening on consensus...
[2025-12-30 15:52:55,700] DEBUG rq.worker: Sent heartbeat to prevent worker timeout. Next one should arrive in 480 seconds.
[2025-12-30 15:52:55,700] DEBUG rq.worker: Dequeueing jobs on queues consensus and timeout 405
[2025-12-30 15:52:55,782] DEBUG rq.worker: Registering birth of worker a33808fcbe3c4b148cfcca804682d01a
[2025-12-30 15:52:55,785] INFO rq.worker: Worker rq:worker:a33808fcbe3c4b148cfcca804682d01a started with PID 226, version 1.16.0
[2025-12-30 15:52:55,785] INFO rq.worker: Subscribing to channel rq:pubsub:a33808fcbe3c4b148cfcca804682d01a
[2025-12-30 15:52:55,787] INFO rq.worker: *** Listening on chunks...
[2025-12-30 15:52:55,788] DEBUG rq.worker: Sent heartbeat to prevent worker timeout. Next one should arrive in 480 seconds.
[2025-12-30 15:52:55,789] INFO rq.worker: Cleaning registries for queue: chunks
[2025-12-30 15:52:55,792] DEBUG rq.worker: *** Listening on chunks...
[2025-12-30 15:52:55,793] DEBUG rq.worker: Sent heartbeat to prevent worker timeout. Next one should arrive in 480 seconds.
[2025-12-30 15:52:55,793] DEBUG rq.worker: Dequeueing jobs on queues chunks and timeout 405
[2025-12-30 15:52:55,795] DEBUG rq.worker: Registering birth of worker 03b00923111e4c67a58b36eee145e58c
[2025-12-30 15:52:55,797] INFO rq.worker: Worker rq:worker:03b00923111e4c67a58b36eee145e58c started with PID 225, version 1.16.0
[2025-12-30 15:52:55,797] INFO rq.worker: Subscribing to channel rq:pubsub:03b00923111e4c67a58b36eee145e58c
[2025-12-30 15:52:55,800] INFO rq.worker: *** Listening on annotation...
[2025-12-30 15:52:55,801] DEBUG rq.worker: Sent heartbeat to prevent worker timeout. Next one should arrive in 480 seconds.
[2025-12-30 15:52:55,802] INFO rq.worker: Cleaning registries for queue: annotation
[2025-12-30 15:52:55,805] DEBUG rq.worker: *** Listening on annotation...
[2025-12-30 15:52:55,806] DEBUG rq.worker: Sent heartbeat to prevent worker timeout. Next one should arrive in 480 seconds.
[2025-12-30 15:52:55,807] DEBUG rq.worker: Dequeueing jobs on queues annotation and timeout 405
[2025-12-30 15:52:55,811] DEBUG rq.worker: Registering birth of worker 668a5b506877498c8a9052b859cba9a6
[2025-12-30 15:52:55,814] INFO rq.worker: Worker rq:worker:668a5b506877498c8a9052b859cba9a6 started with PID 226, version 1.16.0
[2025-12-30 15:52:55,814] INFO rq.worker: Subscribing to channel rq:pubsub:668a5b506877498c8a9052b859cba9a6
[2025-12-30 15:52:55,817] INFO rq.worker: *** Listening on notifications, cleaning...
[2025-12-30 15:52:55,817] DEBUG rq.worker: Sent heartbeat to prevent worker timeout. Next one should arrive in 480 seconds.
[2025-12-30 15:52:55,818] INFO rq.worker: Cleaning registries for queue: notifications
[2025-12-30 15:52:55,822] INFO rq.worker: Cleaning registries for queue: cleaning
[2025-12-30 15:52:55,825] DEBUG rq.worker: *** Listening on notifications,cleaning...
[2025-12-30 15:52:55,826] DEBUG rq.worker: Sent heartbeat to prevent worker timeout. Next one should arrive in 480 seconds.
[2025-12-30 15:52:55,826] DEBUG rq.worker: Dequeueing jobs on queues notifications,cleaning and timeout 405
[2025-12-30 15:52:55,866] DEBUG rq.worker: Registering birth of worker e1d7eafcb7f44114b0cf04784c5720a5
[2025-12-30 15:52:55,868] INFO rq.worker: Worker rq:worker:e1d7eafcb7f44114b0cf04784c5720a5 started with PID 225, version 1.16.0
[2025-12-30 15:52:55,869] INFO rq.worker: Subscribing to channel rq:pubsub:e1d7eafcb7f44114b0cf04784c5720a5
[2025-12-30 15:52:55,872] INFO rq.worker: *** Listening on webhooks...
[2025-12-30 15:52:55,872] DEBUG rq.worker: Sent heartbeat to prevent worker timeout. Next one should arrive in 480 seconds.
[2025-12-30 15:52:55,874] INFO rq.worker: Cleaning registries for queue: webhooks
[2025-12-30 15:52:55,877] DEBUG rq.worker: *** Listening on webhooks...
[2025-12-30 15:52:55,878] DEBUG rq.worker: Sent heartbeat to prevent worker timeout. Next one should arrive in 480 seconds.
[2025-12-30 15:52:55,878] DEBUG rq.worker: Dequeueing jobs on queues webhooks and timeout 405
[2025-12-30 15:52:55,907] DEBUG rq.worker: Registering birth of worker 0a649e9f57874b449962297137e8ab0c
[2025-12-30 15:52:55,910] INFO rq.worker: Worker rq:worker:0a649e9f57874b449962297137e8ab0c started with PID 224, version 1.16.0
[2025-12-30 15:52:55,910] INFO rq.worker: Subscribing to channel rq:pubsub:0a649e9f57874b449962297137e8ab0c
[2025-12-30 15:52:55,912] INFO rq.worker: *** Listening on export...
[2025-12-30 15:52:55,913] DEBUG rq.worker: Sent heartbeat to prevent worker timeout. Next one should arrive in 480 seconds.
[2025-12-30 15:52:55,914] INFO rq.worker: Cleaning registries for queue: export
[2025-12-30 15:52:55,918] DEBUG rq.worker: *** Listening on export...
[2025-12-30 15:52:55,918] DEBUG rq.worker: Sent heartbeat to prevent worker timeout. Next one should arrive in 480 seconds.
[2025-12-30 15:52:55,919] DEBUG rq.worker: Dequeueing jobs on queues export and timeout 405
[2025-12-30 15:52:56,090] DEBUG rq.worker: Registering birth of worker 511b28c1fa834f8cb70e51d55523c906
[2025-12-30 15:52:56,092] INFO rq.worker: Worker rq:worker:511b28c1fa834f8cb70e51d55523c906 started with PID 225, version 1.16.0
[2025-12-30 15:52:56,092] INFO rq.worker: Subscribing to channel rq:pubsub:511b28c1fa834f8cb70e51d55523c906
[2025-12-30 15:52:56,095] INFO rq.worker: *** Listening on export...
[2025-12-30 15:52:56,096] DEBUG rq.worker: Sent heartbeat to prevent worker timeout. Next one should arrive in 480 seconds.
[2025-12-30 15:52:56,100] INFO rq.worker: Cleaning registries for queue: export
[2025-12-30 15:52:56,104] DEBUG rq.worker: *** Listening on export...
[2025-12-30 15:52:56,105] DEBUG rq.worker: Sent heartbeat to prevent worker timeout. Next one should arrive in 480 seconds.
[2025-12-30 15:52:56,105] DEBUG rq.worker: Dequeueing jobs on queues export and timeout 405
[2025-12-30 15:52:56,112] DEBUG rq.worker: Registering birth of worker a9335822eedc44428d094e4864935f1e
[2025-12-30 15:52:56,115] INFO rq.worker: Worker rq:worker:a9335822eedc44428d094e4864935f1e started with PID 223, version 1.16.0
[2025-12-30 15:52:56,115] INFO rq.worker: Subscribing to channel rq:pubsub:a9335822eedc44428d094e4864935f1e
[2025-12-30 15:52:56,117] INFO rq.worker: *** Listening on quality_reports...
[2025-12-30 15:52:56,117] DEBUG rq.worker: Sent heartbeat to prevent worker timeout. Next one should arrive in 480 seconds.
[2025-12-30 15:52:56,118] INFO rq.worker: Cleaning registries for queue: quality_reports
[2025-12-30 15:52:56,120] DEBUG rq.worker: *** Listening on quality_reports...
[2025-12-30 15:52:56,122] DEBUG rq.worker: Sent heartbeat to prevent worker timeout. Next one should arrive in 480 seconds.
[2025-12-30 15:52:56,122] DEBUG rq.worker: Dequeueing jobs on queues quality_reports and timeout 405
[2025-12-30 15:53:42,879] WARNING django.request: Unauthorized: /api/users/self
[2025-12-30 15:53:43,164] WARNING django.request: Not Found: /api/user-agreements
[2025-12-30 15:53:56,308] WARNING django.request: Unauthorized: /api/users/self
[2025-12-30 15:53:56,338] WARNING django.request: Not Found: /api/user-agreements
[2025-12-30 15:54:10,990] WARNING django.request: Not Found: /api/user-agreements
[2025-12-30 15:54:24,162] WARNING django.request: Not Found: /api/user-agreements
[2025-12-30 15:54:24,168] WARNING django.request: Unauthorized: /api/users/self
[2025-12-30 15:54:45,586] WARNING django.request: Unauthorized: /api/users/self
[2025-12-30 15:54:45,586] WARNING django.request: Not Found: /api/user-agreements
[2025-12-30 15:55:46,207] INFO cvat.apps.engine.serializers: [Project.id=1] label:create Label id:1 for spec:{'name': 'Damaged', 'type': 'any', 'color': '#77b3df'} with sublabels:[], parent_label:None
[2025-12-30 15:55:46,218] INFO cvat.apps.engine.serializers: [Project.id=1] label:create Label id:2 for spec:{'name': 'Undamaged', 'type': 'any', 'color': '#c0758c'} with sublabels:[], parent_label:None
[2025-12-30 15:56:17,666] DEBUG rq.worker: Dequeued job action=create&target=task&target_id=1 from import
[2025-12-30 15:56:17,667] INFO rq.worker: import: cvat.apps.engine.task.create_thread(1, {'chunk_size': None, 'image_quality': 70, 'start_frame': 0, 'stop_frame': N...) (action=create&target=task&target_id=1)
[2025-12-30 15:56:17,668] DEBUG rq.worker: Sent heartbeat to prevent worker timeout. Next one should arrive in 480 seconds.
[2025-12-30 15:56:17,686] DEBUG rq.worker: Started Job Registry set.
[2025-12-30 15:56:17,687] DEBUG rq.worker: Preparing for execution of Job ID action=create&target=task&target_id=1
[2025-12-30 15:56:17,687] DEBUG rq.worker: Sent heartbeat to prevent worker timeout. Next one should arrive in 90 seconds.
[2025-12-30 15:56:17,690] DEBUG rq.worker: Job preparation finished.
[2025-12-30 15:56:17,691] DEBUG rq.worker: Performing Job...
[2025-12-30 15:56:17,715] INFO cvat.apps.engine.task: create task #1
[2025-12-30 15:56:17,835] INFO cvat.apps.engine.task: Found frames 5 for Data #1
[2025-12-30 15:56:17,837] INFO cvat.apps.engine.task: New segment for task #1: idx = 0, start_frame = 0, stop_frame = 4
[2025-12-30 15:56:17,988] INFO cvat.apps.engine.cache: Starting to prepare chunk: key segment_1_preview
[2025-12-30 15:56:17,989] INFO cvat.apps.engine.cache: Starting to prepare chunk: key segment_1_chunk_0_0
[2025-12-30 15:56:18,092] INFO cvat.apps.engine.cache: Ending to prepare chunk: key segment_1_chunk_0_0
[2025-12-30 15:56:18,108] INFO cvat.apps.engine.cache: Ending to prepare chunk: key segment_1_preview
[2025-12-30 15:56:18,135] DEBUG rq.worker: Finished performing Job ID action=create&target=task&target_id=1
[2025-12-30 15:56:18,137] DEBUG rq.worker: Handling successful execution of job action=create&target=task&target_id=1
[2025-12-30 15:56:18,138] DEBUG rq.worker: Saving job action=create&target=task&target_id=1's successful execution result
[2025-12-30 15:56:18,138] DEBUG rq.worker: Removing job action=create&target=task&target_id=1 from StartedJobRegistry
[2025-12-30 15:56:18,139] DEBUG rq.worker: Finished handling successful execution of job action=create&target=task&target_id=1
[2025-12-30 15:56:18,140] INFO rq.worker: import: Job OK (action=create&target=task&target_id=1)
[2025-12-30 15:56:18,140] INFO rq.worker: Result is kept for 500 seconds
[2025-12-30 15:56:18,155] DEBUG rq.worker: Sent heartbeat to prevent worker timeout. Next one should arrive in 480 seconds.
[2025-12-30 15:56:18,156] DEBUG rq.worker: Sent heartbeat to prevent worker timeout. Next one should arrive in 480 seconds.
[2025-12-30 15:56:18,157] DEBUG rq.worker: *** Listening on import...
[2025-12-30 15:56:18,158] DEBUG rq.worker: Sent heartbeat to prevent worker timeout. Next one should arrive in 480 seconds.
[2025-12-30 15:56:18,158] DEBUG rq.worker: Dequeueing jobs on queues import and timeout 405
[2025-12-30 15:56:56,450] WARNING django.request: Not Found: /api/user-agreements
[2025-12-30 15:57:09,731] WARNING django.request: Not Found: /api/user-agreements
[2025-12-30 15:59:30,276] DEBUG rq.worker: Sent heartbeat to prevent worker timeout. Next one should arrive in 480 seconds.
[2025-12-30 15:59:30,277] DEBUG rq.worker: Dequeueing jobs on queues import and timeout 405
[2025-12-30 15:59:40,670] DEBUG rq.worker: Sent heartbeat to prevent worker timeout. Next one should arrive in 480 seconds.
[2025-12-30 15:59:40,671] DEBUG rq.worker: Dequeueing jobs on queues chunks and timeout 405
[2025-12-30 15:59:40,736] DEBUG rq.worker: Sent heartbeat to prevent worker timeout. Next one should arrive in 480 seconds.
[2025-12-30 15:59:40,738] DEBUG rq.worker: Dequeueing jobs on queues consensus and timeout 405
[2025-12-30 15:59:40,833] DEBUG rq.worker: Sent heartbeat to prevent worker timeout. Next one should arrive in 480 seconds.
[2025-12-30 15:59:40,834] DEBUG rq.worker: Dequeueing jobs on queues annotation and timeout 405
[2025-12-30 15:59:40,836] DEBUG rq.worker: Sent heartbeat to prevent worker timeout. Next one should arrive in 480 seconds.
[2025-12-30 15:59:40,838] DEBUG rq.worker: Dequeueing jobs on queues notifications,cleaning and timeout 405
[2025-12-30 15:59:40,838] DEBUG rq.worker: Sent heartbeat to prevent worker timeout. Next one should arrive in 480 seconds.
[2025-12-30 15:59:40,839] DEBUG rq.worker: Dequeueing jobs on queues chunks and timeout 405
[2025-12-30 15:59:40,933] DEBUG rq.worker: Sent heartbeat to prevent worker timeout. Next one should arrive in 480 seconds.
[2025-12-30 15:59:40,933] DEBUG rq.worker: Sent heartbeat to prevent worker timeout. Next one should arrive in 480 seconds.
[2025-12-30 15:59:40,934] DEBUG rq.worker: Dequeueing jobs on queues export and timeout 405
[2025-12-30 15:59:40,935] DEBUG rq.worker: Dequeueing jobs on queues webhooks and timeout 405
[2025-12-30 15:59:41,135] DEBUG rq.worker: Sent heartbeat to prevent worker timeout. Next one should arrive in 480 seconds.
[2025-12-30 15:59:41,135] DEBUG rq.worker: Sent heartbeat to prevent worker timeout. Next one should arrive in 480 seconds.
[2025-12-30 15:59:41,135] DEBUG rq.worker: Dequeueing jobs on queues export and timeout 405
[2025-12-30 15:59:41,135] DEBUG rq.worker: Dequeueing jobs on queues quality_reports and timeout 405
[2025-12-30 16:03:03,263] DEBUG rq.worker: Sent heartbeat to prevent worker timeout. Next one should arrive in 480 seconds.
[2025-12-30 16:03:03,264] INFO rq.worker: Cleaning registries for queue: import
[2025-12-30 16:03:03,270] DEBUG rq.worker: Dequeueing jobs on queues import and timeout 405
[2025-12-30 16:06:15,379] DEBUG rq.worker: Sent heartbeat to prevent worker timeout. Next one should arrive in 480 seconds.
[2025-12-30 16:06:15,467] INFO rq.worker: Cleaning registries for queue: import
[2025-12-30 16:06:15,472] DEBUG rq.worker: Dequeueing jobs on queues import and timeout 405
[2025-12-30 16:06:25,744] DEBUG rq.worker: Sent heartbeat to prevent worker timeout. Next one should arrive in 480 seconds.
[2025-12-30 16:06:25,746] INFO rq.worker: Cleaning registries for queue: chunks
[2025-12-30 16:06:25,746] DEBUG rq.worker: Sent heartbeat to prevent worker timeout. Next one should arrive in 480 seconds.
[2025-12-30 16:06:25,748] INFO rq.worker: Cleaning registries for queue: consensus
[2025-12-30 16:06:25,751] DEBUG rq.worker: Dequeueing jobs on queues chunks and timeout 405
[2025-12-30 16:06:25,754] DEBUG rq.worker: Dequeueing jobs on queues consensus and timeout 405
[2025-12-30 16:06:25,915] DEBUG rq.worker: Sent heartbeat to prevent worker timeout. Next one should arrive in 480 seconds.
[2025-12-30 16:06:25,916] INFO rq.worker: Cleaning registries for queue: notifications
[2025-12-30 16:06:25,915] DEBUG rq.worker: Sent heartbeat to prevent worker timeout. Next one should arrive in 480 seconds.
[2025-12-30 16:06:25,918] INFO rq.worker: Cleaning registries for queue: chunks
[2025-12-30 16:06:25,917] DEBUG rq.worker: Sent heartbeat to prevent worker timeout. Next one should arrive in 480 seconds.
[2025-12-30 16:06:25,920] INFO rq.worker: Cleaning registries for queue: annotation
[2025-12-30 16:06:25,921] INFO rq.worker: Cleaning registries for queue: cleaning
[2025-12-30 16:06:25,923] DEBUG rq.worker: Dequeueing jobs on queues chunks and timeout 405
[2025-12-30 16:06:25,925] DEBUG rq.worker: Dequeueing jobs on queues annotation and timeout 405
[2025-12-30 16:06:25,926] DEBUG rq.worker: Dequeueing jobs on queues notifications,cleaning and timeout 405
[2025-12-30 16:06:26,017] DEBUG rq.worker: Sent heartbeat to prevent worker timeout. Next one should arrive in 480 seconds.
[2025-12-30 16:06:26,020] INFO rq.worker: Cleaning registries for queue: webhooks
[2025-12-30 16:06:26,022] DEBUG rq.worker: Sent heartbeat to prevent worker timeout. Next one should arrive in 480 seconds.
[2025-12-30 16:06:26,026] DEBUG rq.worker: Dequeueing jobs on queues webhooks and timeout 405
[2025-12-30 16:06:26,026] INFO rq.worker: Cleaning registries for queue: export
[2025-12-30 16:06:26,033] DEBUG rq.worker: Dequeueing jobs on queues export and timeout 405
[2025-12-30 16:06:26,219] DEBUG rq.worker: Sent heartbeat to prevent worker timeout. Next one should arrive in 480 seconds.
[2025-12-30 16:06:26,219] DEBUG rq.worker: Sent heartbeat to prevent worker timeout. Next one should arrive in 480 seconds.
[2025-12-30 16:06:26,220] INFO rq.worker: Cleaning registries for queue: quality_reports
[2025-12-30 16:06:26,220] INFO rq.worker: Cleaning registries for queue: export
[2025-12-30 16:06:26,223] DEBUG rq.worker: Dequeueing jobs on queues quality_reports and timeout 405
[2025-12-30 16:06:26,225] DEBUG rq.worker: Dequeueing jobs on queues export and timeout 405
[2025-12-30 16:09:48,333] DEBUG rq.worker: Sent heartbeat to prevent worker timeout. Next one should arrive in 480 seconds.
[2025-12-30 16:09:48,334] DEBUG rq.worker: Dequeueing jobs on queues import and timeout 405
[2025-12-30 16:13:00,513] DEBUG rq.worker: Sent heartbeat to prevent worker timeout. Next one should arrive in 480 seconds.
[2025-12-30 16:13:00,515] DEBUG rq.worker: Dequeueing jobs on queues import and timeout 405
[2025-12-30 16:13:10,809] DEBUG rq.worker: Sent heartbeat to prevent worker timeout. Next one should arrive in 480 seconds.
[2025-12-30 16:13:10,810] DEBUG rq.worker: Dequeueing jobs on queues chunks and timeout 405
[2025-12-30 16:13:10,809] DEBUG rq.worker: Sent heartbeat to prevent worker timeout. Next one should arrive in 480 seconds.
[2025-12-30 16:13:10,811] DEBUG rq.worker: Dequeueing jobs on queues consensus and timeout 405
[2025-12-30 16:13:10,978] DEBUG rq.worker: Sent heartbeat to prevent worker timeout. Next one should arrive in 480 seconds.
[2025-12-30 16:13:10,978] DEBUG rq.worker: Sent heartbeat to prevent worker timeout. Next one should arrive in 480 seconds.
[2025-12-30 16:13:10,979] DEBUG rq.worker: Dequeueing jobs on queues notifications,cleaning and timeout 405
[2025-12-30 16:13:10,979] DEBUG rq.worker: Dequeueing jobs on queues chunks and timeout 405
[2025-12-30 16:13:10,978] DEBUG rq.worker: Sent heartbeat to prevent worker timeout. Next one should arrive in 480 seconds.
[2025-12-30 16:13:10,980] DEBUG rq.worker: Dequeueing jobs on queues annotation and timeout 405
[2025-12-30 16:13:11,078] DEBUG rq.worker: Sent heartbeat to prevent worker timeout. Next one should arrive in 480 seconds.
[2025-12-30 16:13:11,080] DEBUG rq.worker: Dequeueing jobs on queues export and timeout 405
[2025-12-30 16:13:11,078] DEBUG rq.worker: Sent heartbeat to prevent worker timeout. Next one should arrive in 480 seconds.
[2025-12-30 16:13:11,080] DEBUG rq.worker: Dequeueing jobs on queues webhooks and timeout 405
[2025-12-30 16:13:11,283] DEBUG rq.worker: Sent heartbeat to prevent worker timeout. Next one should arrive in 480 seconds.
[2025-12-30 16:13:11,284] DEBUG rq.worker: Dequeueing jobs on queues export and timeout 405
[2025-12-30 16:13:11,284] DEBUG rq.worker: Sent heartbeat to prevent worker timeout. Next one should arrive in 480 seconds.
[2025-12-30 16:13:11,285] DEBUG rq.worker: Dequeueing jobs on queues quality_reports and timeout 405
[2025-12-30 16:16:33,407] DEBUG rq.worker: Sent heartbeat to prevent worker timeout. Next one should arrive in 480 seconds.
[2025-12-30 16:16:33,409] INFO rq.worker: Cleaning registries for queue: import
[2025-12-30 16:16:33,413] DEBUG rq.worker: Dequeueing jobs on queues import and timeout 405
[2025-12-30 16:19:45,606] DEBUG rq.worker: Sent heartbeat to prevent worker timeout. Next one should arrive in 480 seconds.
[2025-12-30 16:19:45,607] INFO rq.worker: Cleaning registries for queue: import
[2025-12-30 16:19:45,610] DEBUG rq.worker: Dequeueing jobs on queues import and timeout 405
[2025-12-30 16:19:55,859] DEBUG rq.worker: Sent heartbeat to prevent worker timeout. Next one should arrive in 480 seconds.
[2025-12-30 16:19:55,859] DEBUG rq.worker: Sent heartbeat to prevent worker timeout. Next one should arrive in 480 seconds.
[2025-12-30 16:19:55,860] INFO rq.worker: Cleaning registries for queue: chunks
[2025-12-30 16:19:55,860] INFO rq.worker: Cleaning registries for queue: consensus
[2025-12-30 16:19:55,864] DEBUG rq.worker: Dequeueing jobs on queues chunks and timeout 405
[2025-12-30 16:19:55,864] DEBUG rq.worker: Dequeueing jobs on queues consensus and timeout 405
[2025-12-30 16:19:56,047] DEBUG rq.worker: Sent heartbeat to prevent worker timeout. Next one should arrive in 480 seconds.
[2025-12-30 16:19:56,047] DEBUG rq.worker: Sent heartbeat to prevent worker timeout. Next one should arrive in 480 seconds.
[2025-12-30 16:19:56,047] DEBUG rq.worker: Sent heartbeat to prevent worker timeout. Next one should arrive in 480 seconds.
[2025-12-30 16:19:56,048] INFO rq.worker: Cleaning registries for queue: notifications
[2025-12-30 16:19:56,048] INFO rq.worker: Cleaning registries for queue: annotation
[2025-12-30 16:19:56,048] INFO rq.worker: Cleaning registries for queue: chunks
[2025-12-30 16:19:56,052] DEBUG rq.worker: Dequeueing jobs on queues annotation and timeout 405
[2025-12-30 16:19:56,052] INFO rq.worker: Cleaning registries for queue: cleaning
[2025-12-30 16:19:56,052] DEBUG rq.worker: Dequeueing jobs on queues chunks and timeout 405
[2025-12-30 16:19:56,054] DEBUG rq.worker: Dequeueing jobs on queues notifications,cleaning and timeout 405
[2025-12-30 16:19:56,148] DEBUG rq.worker: Sent heartbeat to prevent worker timeout. Next one should arrive in 480 seconds.
[2025-12-30 16:19:56,147] DEBUG rq.worker: Sent heartbeat to prevent worker timeout. Next one should arrive in 480 seconds.
[2025-12-30 16:19:56,149] INFO rq.worker: Cleaning registries for queue: webhooks
[2025-12-30 16:19:56,149] INFO rq.worker: Cleaning registries for queue: export
[2025-12-30 16:19:56,153] DEBUG rq.worker: Dequeueing jobs on queues webhooks and timeout 405
[2025-12-30 16:19:56,153] DEBUG rq.worker: Dequeueing jobs on queues export and timeout 405
[2025-12-30 16:19:56,349] DEBUG rq.worker: Sent heartbeat to prevent worker timeout. Next one should arrive in 480 seconds.
[2025-12-30 16:19:56,348] DEBUG rq.worker: Sent heartbeat to prevent worker timeout. Next one should arrive in 480 seconds.
[2025-12-30 16:19:56,350] INFO rq.worker: Cleaning registries for queue: export
[2025-12-30 16:19:56,350] INFO rq.worker: Cleaning registries for queue: quality_reports
[2025-12-30 16:19:56,360] DEBUG rq.worker: Dequeueing jobs on queues quality_reports and timeout 405
[2025-12-30 16:19:56,363] DEBUG rq.worker: Dequeueing jobs on queues export and timeout 405
[2025-12-30 16:23:18,480] DEBUG rq.worker: Sent heartbeat to prevent worker timeout. Next one should arrive in 480 seconds.
[2025-12-30 16:23:18,481] DEBUG rq.worker: Dequeueing jobs on queues import and timeout 405
[2025-12-30 16:26:30,741] DEBUG rq.worker: Sent heartbeat to prevent worker timeout. Next one should arrive in 480 seconds.
[2025-12-30 16:26:30,741] DEBUG rq.worker: Dequeueing jobs on queues import and timeout 405
[2025-12-30 16:26:40,975] DEBUG rq.worker: Sent heartbeat to prevent worker timeout. Next one should arrive in 480 seconds.
[2025-12-30 16:26:40,975] DEBUG rq.worker: Sent heartbeat to prevent worker timeout. Next one should arrive in 480 seconds.
[2025-12-30 16:26:40,977] DEBUG rq.worker: Dequeueing jobs on queues chunks and timeout 405
[2025-12-30 16:26:40,978] DEBUG rq.worker: Dequeueing jobs on queues consensus and timeout 405
[2025-12-30 16:26:41,167] DEBUG rq.worker: Sent heartbeat to prevent worker timeout. Next one should arrive in 480 seconds.
[2025-12-30 16:26:41,167] DEBUG rq.worker: Sent heartbeat to prevent worker timeout. Next one should arrive in 480 seconds.
[2025-12-30 16:26:41,168] DEBUG rq.worker: Dequeueing jobs on queues chunks and timeout 405
[2025-12-30 16:26:41,168] DEBUG rq.worker: Dequeueing jobs on queues annotation and timeout 405
[2025-12-30 16:26:41,167] DEBUG rq.worker: Sent heartbeat to prevent worker timeout. Next one should arrive in 480 seconds.
[2025-12-30 16:26:41,169] DEBUG rq.worker: Dequeueing jobs on queues notifications,cleaning and timeout 405
[2025-12-30 16:26:41,169] DEBUG rq.worker: Sent heartbeat to prevent worker timeout. Next one should arrive in 480 seconds.
[2025-12-30 16:26:41,169] DEBUG rq.worker: Dequeueing jobs on queues export and timeout 405
[2025-12-30 16:26:41,169] DEBUG rq.worker: Sent heartbeat to prevent worker timeout. Next one should arrive in 480 seconds.
[2025-12-30 16:26:41,170] DEBUG rq.worker: Dequeueing jobs on queues webhooks and timeout 405
[2025-12-30 16:26:41,445] DEBUG rq.worker: Sent heartbeat to prevent worker timeout. Next one should arrive in 480 seconds.
[2025-12-30 16:26:41,446] DEBUG rq.worker: Dequeueing jobs on queues export and timeout 405
[2025-12-30 16:26:41,446] DEBUG rq.worker: Sent heartbeat to prevent worker timeout. Next one should arrive in 480 seconds.
[2025-12-30 16:26:41,447] DEBUG rq.worker: Dequeueing jobs on queues quality_reports and timeout 405
[2025-12-30 16:30:03,534] DEBUG rq.worker: Sent heartbeat to prevent worker timeout. Next one should arrive in 480 seconds.
[2025-12-30 16:30:03,538] INFO rq.worker: Cleaning registries for queue: import
[2025-12-30 16:30:03,546] DEBUG rq.worker: Dequeueing jobs on queues import and timeout 405
[2025-12-30 18:02:10,550] DEBUG rq.worker: Sent heartbeat to prevent worker timeout. Next one should arrive in 480 seconds.
[2025-12-30 18:02:10,550] DEBUG rq.worker: Sent heartbeat to prevent worker timeout. Next one should arrive in 480 seconds.
[2025-12-30 18:02:10,551] DEBUG rq.worker: Sent heartbeat to prevent worker timeout. Next one should arrive in 480 seconds.
[2025-12-30 18:02:10,551] DEBUG rq.worker: Sent heartbeat to prevent worker timeout. Next one should arrive in 480 seconds.
[2025-12-30 18:02:10,551] DEBUG rq.worker: Sent heartbeat to prevent worker timeout. Next one should arrive in 480 seconds.
[2025-12-30 18:02:10,551] DEBUG rq.worker: Sent heartbeat to prevent worker timeout. Next one should arrive in 480 seconds.
[2025-12-30 18:02:10,551] DEBUG rq.worker: Sent heartbeat to prevent worker timeout. Next one should arrive in 480 seconds.
[2025-12-30 18:02:10,551] DEBUG rq.worker: Sent heartbeat to prevent worker timeout. Next one should arrive in 480 seconds.
[2025-12-30 18:02:10,552] DEBUG rq.worker: Sent heartbeat to prevent worker timeout. Next one should arrive in 480 seconds.
[2025-12-30 18:02:10,552] DEBUG rq.worker: Sent heartbeat to prevent worker timeout. Next one should arrive in 480 seconds.
[2025-12-30 18:02:10,553] DEBUG rq.worker: Sent heartbeat to prevent worker timeout. Next one should arrive in 480 seconds.
[2025-12-30 18:02:10,555] INFO rq.worker: Cleaning registries for queue: export
[2025-12-30 18:02:10,555] INFO rq.worker: Cleaning registries for queue: import
[2025-12-30 18:02:10,555] INFO rq.worker: Cleaning registries for queue: annotation
[2025-12-30 18:02:10,556] INFO rq.worker: Cleaning registries for queue: chunks
[2025-12-30 18:02:10,556] DEBUG rq.worker: Dequeueing jobs on queues import and timeout 405
[2025-12-30 18:02:10,556] DEBUG rq.worker: Dequeueing jobs on queues chunks and timeout 405
[2025-12-30 18:02:10,556] DEBUG rq.worker: Dequeueing jobs on queues export and timeout 405
[2025-12-30 18:02:10,557] INFO rq.worker: Cleaning registries for queue: notifications
[2025-12-30 18:02:10,557] INFO rq.worker: Cleaning registries for queue: consensus
[2025-12-30 18:02:10,558] INFO rq.worker: Cleaning registries for queue: webhooks
[2025-12-30 18:02:10,558] INFO rq.worker: Cleaning registries for queue: quality_reports
[2025-12-30 18:02:10,558] DEBUG rq.worker: Dequeueing jobs on queues annotation and timeout 405
[2025-12-30 18:02:10,559] DEBUG rq.worker: Dequeueing jobs on queues import and timeout 405
[2025-12-30 18:02:10,559] DEBUG rq.worker: Dequeueing jobs on queues chunks and timeout 405
[2025-12-30 18:02:10,560] DEBUG rq.worker: Dequeueing jobs on queues export and timeout 405
[2025-12-30 18:02:10,560] INFO rq.worker: Cleaning registries for queue: cleaning
[2025-12-30 18:02:10,560] DEBUG rq.worker: Dequeueing jobs on queues consensus and timeout 405
[2025-12-30 18:02:10,561] DEBUG rq.worker: Dequeueing jobs on queues webhooks and timeout 405
[2025-12-30 18:02:10,561] DEBUG rq.worker: Dequeueing jobs on queues quality_reports and timeout 405
[2025-12-30 18:02:10,563] DEBUG rq.worker: Dequeueing jobs on queues notifications,cleaning and timeout 405
[2025-12-30 18:02:30,853] DEBUG rq.worker: Dequeued job cron_tmp_directory_cleanup from cleaning
[2025-12-30 18:02:30,853] INFO rq.worker: cleaning: cvat.apps.dataset_manager.cron.cleanup_tmp_directory() (cron_tmp_directory_cleanup)
[2025-12-30 18:02:30,855] DEBUG rq.worker: Sent heartbeat to prevent worker timeout. Next one should arrive in 480 seconds.
[2025-12-30 18:02:30,904] DEBUG rq.worker: Started Job Registry set.
[2025-12-30 18:02:30,905] DEBUG rq.worker: Preparing for execution of Job ID cron_tmp_directory_cleanup
[2025-12-30 18:02:30,906] DEBUG rq.worker: Sent heartbeat to prevent worker timeout. Next one should arrive in 90 seconds.
[2025-12-30 18:02:30,916] DEBUG rq.worker: Job preparation finished.
[2025-12-30 18:02:30,916] DEBUG rq.worker: Performing Job...
[2025-12-30 18:02:30,940] INFO cvat.apps.dataset_manager.cron: The 'common temporary directory cleanup' process has been successfully completed after 0 seconds. 0 elements have been removed
[2025-12-30 18:02:30,941] DEBUG rq.worker: Finished performing Job ID cron_tmp_directory_cleanup
[2025-12-30 18:02:30,944] DEBUG rq.worker: Handling successful execution of job cron_tmp_directory_cleanup
[2025-12-30 18:02:30,945] DEBUG rq.worker: Saving job cron_tmp_directory_cleanup's successful execution result
[2025-12-30 18:02:30,947] DEBUG rq.worker: Removing job cron_tmp_directory_cleanup from StartedJobRegistry
[2025-12-30 18:02:30,949] DEBUG rq.worker: Finished handling successful execution of job cron_tmp_directory_cleanup
[2025-12-30 18:02:30,950] INFO rq.worker: cleaning: Job OK (cron_tmp_directory_cleanup)
[2025-12-30 18:02:30,950] INFO rq.worker: Result will never expire, clean up result key manually
[2025-12-30 18:02:30,962] DEBUG rq.worker: Sent heartbeat to prevent worker timeout. Next one should arrive in 480 seconds.
[2025-12-30 18:02:30,963] DEBUG rq.worker: Sent heartbeat to prevent worker timeout. Next one should arrive in 480 seconds.
[2025-12-30 18:02:30,964] DEBUG rq.worker: *** Listening on notifications,cleaning...
[2025-12-30 18:02:30,965] DEBUG rq.worker: Sent heartbeat to prevent worker timeout. Next one should arrive in 480 seconds.
[2025-12-30 18:02:30,965] DEBUG rq.worker: Dequeueing jobs on queues notifications,cleaning and timeout 405
[2025-12-30 18:08:55,609] DEBUG rq.worker: Sent heartbeat to prevent worker timeout. Next one should arrive in 480 seconds.
[2025-12-30 18:08:55,609] DEBUG rq.worker: Sent heartbeat to prevent worker timeout. Next one should arrive in 480 seconds.
[2025-12-30 18:08:55,610] DEBUG rq.worker: Dequeueing jobs on queues export and timeout 405
[2025-12-30 18:08:55,609] DEBUG rq.worker: Sent heartbeat to prevent worker timeout. Next one should arrive in 480 seconds.
[2025-12-30 18:08:55,611] DEBUG rq.worker: Dequeueing jobs on queues quality_reports and timeout 405
[2025-12-30 18:08:55,609] DEBUG rq.worker: Sent heartbeat to prevent worker timeout. Next one should arrive in 480 seconds.
[2025-12-30 18:08:55,612] DEBUG rq.worker: Dequeueing jobs on queues import and timeout 405
[2025-12-30 18:08:55,612] DEBUG rq.worker: Sent heartbeat to prevent worker timeout. Next one should arrive in 480 seconds.
[2025-12-30 18:08:55,612] DEBUG rq.worker: Dequeueing jobs on queues import and timeout 405
[2025-12-30 18:08:55,609] DEBUG rq.worker: Sent heartbeat to prevent worker timeout. Next one should arrive in 480 seconds.
[2025-12-30 18:08:55,613] DEBUG rq.worker: Dequeueing jobs on queues chunks and timeout 405
[2025-12-30 18:08:55,613] DEBUG rq.worker: Dequeueing jobs on queues consensus and timeout 405
[2025-12-30 18:08:55,610] DEBUG rq.worker: Sent heartbeat to prevent worker timeout. Next one should arrive in 480 seconds.
[2025-12-30 18:08:55,612] DEBUG rq.worker: Sent heartbeat to prevent worker timeout. Next one should arrive in 480 seconds.
[2025-12-30 18:08:55,610] DEBUG rq.worker: Sent heartbeat to prevent worker timeout. Next one should arrive in 480 seconds.
[2025-12-30 18:08:55,614] DEBUG rq.worker: Dequeueing jobs on queues chunks and timeout 405
[2025-12-30 18:08:55,614] DEBUG rq.worker: Dequeueing jobs on queues webhooks and timeout 405
[2025-12-30 18:08:55,614] DEBUG rq.worker: Dequeueing jobs on queues annotation and timeout 405
[2025-12-30 18:08:55,609] DEBUG rq.worker: Sent heartbeat to prevent worker timeout. Next one should arrive in 480 seconds.
[2025-12-30 18:08:55,615] DEBUG rq.worker: Dequeueing jobs on queues export and timeout 405
[2025-12-30 18:09:16,008] DEBUG rq.worker: Sent heartbeat to prevent worker timeout. Next one should arrive in 480 seconds.
[2025-12-30 18:09:16,009] DEBUG rq.worker: Dequeueing jobs on queues notifications,cleaning and timeout 405
[2025-12-30 18:15:40,626] DEBUG rq.worker: Sent heartbeat to prevent worker timeout. Next one should arrive in 480 seconds.
[2025-12-30 18:15:40,626] DEBUG rq.worker: Sent heartbeat to prevent worker timeout. Next one should arrive in 480 seconds.
[2025-12-30 18:15:40,626] DEBUG rq.worker: Sent heartbeat to prevent worker timeout. Next one should arrive in 480 seconds.
[2025-12-30 18:15:40,626] DEBUG rq.worker: Sent heartbeat to prevent worker timeout. Next one should arrive in 480 seconds.
[2025-12-30 18:15:40,626] DEBUG rq.worker: Sent heartbeat to prevent worker timeout. Next one should arrive in 480 seconds.
[2025-12-30 18:15:40,627] DEBUG rq.worker: Dequeueing jobs on queues export and timeout 405
[2025-12-30 18:15:40,627] DEBUG rq.worker: Sent heartbeat to prevent worker timeout. Next one should arrive in 480 seconds.
[2025-12-30 18:15:40,626] DEBUG rq.worker: Sent heartbeat to prevent worker timeout. Next one should arrive in 480 seconds.
[2025-12-30 18:15:40,627] DEBUG rq.worker: Sent heartbeat to prevent worker timeout. Next one should arrive in 480 seconds.
[2025-12-30 18:15:40,626] DEBUG rq.worker: Sent heartbeat to prevent worker timeout. Next one should arrive in 480 seconds.
[2025-12-30 18:15:40,627] DEBUG rq.worker: Sent heartbeat to prevent worker timeout. Next one should arrive in 480 seconds.
[2025-12-30 18:15:40,627] INFO rq.worker: Cleaning registries for queue: export
[2025-12-30 18:15:40,627] INFO rq.worker: Cleaning registries for queue: webhooks
[2025-12-30 18:15:40,627] INFO rq.worker: Cleaning registries for queue: import
[2025-12-30 18:15:40,628] INFO rq.worker: Cleaning registries for queue: quality_reports
[2025-12-30 18:15:40,628] INFO rq.worker: Cleaning registries for queue: consensus
[2025-12-30 18:15:40,628] INFO rq.worker: Cleaning registries for queue: chunks
[2025-12-30 18:15:40,628] INFO rq.worker: Cleaning registries for queue: annotation
[2025-12-30 18:15:40,628] DEBUG rq.worker: Dequeueing jobs on queues chunks and timeout 405
[2025-12-30 18:15:40,629] DEBUG rq.worker: Dequeueing jobs on queues import and timeout 405
[2025-12-30 18:15:40,632] DEBUG rq.worker: Dequeueing jobs on queues export and timeout 405
[2025-12-30 18:15:40,632] DEBUG rq.worker: Dequeueing jobs on queues webhooks and timeout 405
[2025-12-30 18:15:40,633] DEBUG rq.worker: Dequeueing jobs on queues annotation and timeout 405
[2025-12-30 18:15:40,633] DEBUG rq.worker: Dequeueing jobs on queues import and timeout 405
[2025-12-30 18:15:40,633] DEBUG rq.worker: Dequeueing jobs on queues consensus and timeout 405
[2025-12-30 18:15:40,633] DEBUG rq.worker: Dequeueing jobs on queues quality_reports and timeout 405
[2025-12-30 18:15:40,634] DEBUG rq.worker: Dequeueing jobs on queues chunks and timeout 405
[2025-12-30 18:16:01,083] DEBUG rq.worker: Sent heartbeat to prevent worker timeout. Next one should arrive in 480 seconds.
[2025-12-30 18:16:01,085] INFO rq.worker: Cleaning registries for queue: notifications
[2025-12-30 18:16:01,095] INFO rq.worker: Cleaning registries for queue: cleaning
[2025-12-30 18:16:01,099] DEBUG rq.worker: Dequeueing jobs on queues notifications,cleaning and timeout 405
[2025-12-30 18:20:01,984] DEBUG rq.worker: Got signal SIGTERM
[2025-12-30 18:20:01,989] INFO rq.worker: Worker 28efe0c19e154cae8dddb368a87aedc2 [PID 224]: warm shut down requested
[2025-12-30 18:20:01,988] DEBUG rq.worker: Got signal SIGTERM
[2025-12-30 18:20:01,992] INFO rq.worker: Worker a9335822eedc44428d094e4864935f1e [PID 223]: warm shut down requested
[2025-12-30 18:20:01,994] DEBUG rq.worker: Registering death
[2025-12-30 18:20:01,998] DEBUG rq.worker: Registering death
[2025-12-30 18:20:02,011] INFO rq.worker: Unsubscribing from channel rq:pubsub:a9335822eedc44428d094e4864935f1e
[2025-12-30 18:20:02,013] INFO rq.worker: Unsubscribing from channel rq:pubsub:28efe0c19e154cae8dddb368a87aedc2
[2025-12-30 18:20:02,025] DEBUG rq.worker: Got signal SIGTERM
[2025-12-30 18:20:02,025] DEBUG rq.worker: Got signal SIGTERM
[2025-12-30 18:20:02,025] DEBUG rq.worker: Got signal SIGTERM
[2025-12-30 18:20:02,028] INFO rq.worker: Worker 03b00923111e4c67a58b36eee145e58c [PID 225]: warm shut down requested
[2025-12-30 18:20:02,028] INFO rq.worker: Worker 3ab2698b3ed44aa4aa07977fae3c6b8e [PID 225]: warm shut down requested
[2025-12-30 18:20:02,028] DEBUG rq.worker: Got signal SIGTERM
[2025-12-30 18:20:02,029] INFO rq.worker: Worker e1d7eafcb7f44114b0cf04784c5720a5 [PID 225]: warm shut down requested
[2025-12-30 18:20:02,028] DEBUG rq.worker: Got signal SIGTERM
[2025-12-30 18:20:02,029] DEBUG rq.worker: Got signal SIGTERM
[2025-12-30 18:20:02,030] INFO rq.worker: Worker 70397d1360844df788a2927896f54e9c [PID 180]: warm shut down requested
[2025-12-30 18:20:02,031] DEBUG rq.worker: Registering death
[2025-12-30 18:20:02,031] INFO rq.worker: Worker 8459a159df7149e7bc86b2ed8ebd7100 [PID 181]: warm shut down requested
[2025-12-30 18:20:02,031] DEBUG rq.worker: Registering death
[2025-12-30 18:20:02,032] DEBUG rq.worker: Registering death
[2025-12-30 18:20:02,031] DEBUG rq.worker: Got signal SIGTERM
[2025-12-30 18:20:02,033] INFO rq.worker: Worker 0a649e9f57874b449962297137e8ab0c [PID 224]: warm shut down requested
[2025-12-30 18:20:02,032] DEBUG rq.worker: Got signal SIGTERM
[2025-12-30 18:20:02,034] DEBUG rq.worker: Registering death
[2025-12-30 18:20:02,036] INFO rq.worker: Worker a33808fcbe3c4b148cfcca804682d01a [PID 226]: warm shut down requested
[2025-12-30 18:20:02,036] DEBUG rq.worker: Registering death
[2025-12-30 18:20:02,036] INFO rq.worker: Worker 511b28c1fa834f8cb70e51d55523c906 [PID 225]: warm shut down requested
[2025-12-30 18:20:02,038] DEBUG rq.worker: Registering death
[2025-12-30 18:20:02,039] DEBUG rq.worker: Registering death
[2025-12-30 18:20:02,039] INFO rq.worker: Unsubscribing from channel rq:pubsub:03b00923111e4c67a58b36eee145e58c
[2025-12-30 18:20:02,040] DEBUG rq.worker: Registering death
[2025-12-30 18:20:02,041] INFO rq.worker: Unsubscribing from channel rq:pubsub:3ab2698b3ed44aa4aa07977fae3c6b8e
[2025-12-30 18:20:02,042] INFO rq.worker: Unsubscribing from channel rq:pubsub:e1d7eafcb7f44114b0cf04784c5720a5
[2025-12-30 18:20:02,044] INFO rq.worker: Unsubscribing from channel rq:pubsub:8459a159df7149e7bc86b2ed8ebd7100
[2025-12-30 18:20:02,044] INFO rq.worker: Unsubscribing from channel rq:pubsub:70397d1360844df788a2927896f54e9c
[2025-12-30 18:20:02,047] INFO rq.worker: Unsubscribing from channel rq:pubsub:a33808fcbe3c4b148cfcca804682d01a
[2025-12-30 18:20:02,047] INFO rq.worker: Unsubscribing from channel rq:pubsub:511b28c1fa834f8cb70e51d55523c906
[2025-12-30 18:20:02,048] INFO rq.worker: Unsubscribing from channel rq:pubsub:0a649e9f57874b449962297137e8ab0c
[2025-12-30 18:20:02,437] DEBUG rq.worker: Got signal SIGTERM
[2025-12-30 18:20:02,439] INFO rq.worker: Worker 668a5b506877498c8a9052b859cba9a6 [PID 226]: warm shut down requested
[2025-12-30 18:20:02,441] DEBUG rq.worker: Registering death
[2025-12-30 18:20:02,451] INFO rq.worker: Unsubscribing from channel rq:pubsub:668a5b506877498c8a9052b859cba9a6
[2026-01-05 10:35:06,713] DEBUG rq.worker: Registering birth of worker 0fdfac2d6c5849aab295d277f61f7b71
[2026-01-05 10:35:06,721] INFO rq.worker: Worker rq:worker:0fdfac2d6c5849aab295d277f61f7b71 started with PID 121, version 1.16.0
[2026-01-05 10:35:06,722] INFO rq.worker: Subscribing to channel rq:pubsub:0fdfac2d6c5849aab295d277f61f7b71
[2026-01-05 10:35:06,724] INFO rq.worker: *** Listening on webhooks...
[2026-01-05 10:35:06,725] DEBUG rq.worker: Sent heartbeat to prevent worker timeout. Next one should arrive in 480 seconds.
[2026-01-05 10:35:06,727] INFO rq.worker: Cleaning registries for queue: webhooks
[2026-01-05 10:35:06,731] DEBUG rq.worker: *** Listening on webhooks...
[2026-01-05 10:35:06,734] DEBUG rq.worker: Sent heartbeat to prevent worker timeout. Next one should arrive in 480 seconds.
[2026-01-05 10:35:06,734] DEBUG rq.worker: Dequeueing jobs on queues webhooks and timeout 405
[2026-01-05 10:35:06,945] DEBUG rq.worker: Registering birth of worker cdfea020b33340878f3d53fb0193a9fb
[2026-01-05 10:35:06,948] INFO rq.worker: Worker rq:worker:cdfea020b33340878f3d53fb0193a9fb started with PID 122, version 1.16.0
[2026-01-05 10:35:06,948] INFO rq.worker: Subscribing to channel rq:pubsub:cdfea020b33340878f3d53fb0193a9fb
[2026-01-05 10:35:06,951] INFO rq.worker: *** Listening on chunks...
[2026-01-05 10:35:06,952] DEBUG rq.worker: Sent heartbeat to prevent worker timeout. Next one should arrive in 480 seconds.
[2026-01-05 10:35:06,954] INFO rq.worker: Cleaning registries for queue: chunks
[2026-01-05 10:35:06,960] DEBUG rq.worker: *** Listening on chunks...
[2026-01-05 10:35:06,961] DEBUG rq.worker: Sent heartbeat to prevent worker timeout. Next one should arrive in 480 seconds.
[2026-01-05 10:35:06,962] DEBUG rq.worker: Dequeueing jobs on queues chunks and timeout 405
[2026-01-05 10:35:06,996] INFO rq_scheduler.scheduler: Registering birth
[2026-01-05 10:35:07,040] DEBUG rq.worker: Registering birth of worker ebb2381a8e75485c85a4feb8c7d8d6c5
[2026-01-05 10:35:07,043] INFO rq.worker: Worker rq:worker:ebb2381a8e75485c85a4feb8c7d8d6c5 started with PID 121, version 1.16.0
[2026-01-05 10:35:07,044] INFO rq.worker: Subscribing to channel rq:pubsub:ebb2381a8e75485c85a4feb8c7d8d6c5
[2026-01-05 10:35:07,047] INFO rq.worker: *** Listening on chunks...
[2026-01-05 10:35:07,047] DEBUG rq.worker: Sent heartbeat to prevent worker timeout. Next one should arrive in 480 seconds.
[2026-01-05 10:35:07,049] INFO rq.worker: Cleaning registries for queue: chunks
[2026-01-05 10:35:07,053] DEBUG rq.worker: *** Listening on chunks...
[2026-01-05 10:35:07,054] DEBUG rq.worker: Sent heartbeat to prevent worker timeout. Next one should arrive in 480 seconds.
[2026-01-05 10:35:07,055] DEBUG rq.worker: Dequeueing jobs on queues chunks and timeout 405
[2026-01-05 10:35:07,128] DEBUG rq.worker: Registering birth of worker df9140beace949c1a5731db6f6105a71
[2026-01-05 10:35:07,130] INFO rq.worker: Worker rq:worker:df9140beace949c1a5731db6f6105a71 started with PID 123, version 1.16.0
[2026-01-05 10:35:07,130] INFO rq.worker: Subscribing to channel rq:pubsub:df9140beace949c1a5731db6f6105a71
[2026-01-05 10:35:07,133] INFO rq.worker: *** Listening on import...
[2026-01-05 10:35:07,134] DEBUG rq.worker: Sent heartbeat to prevent worker timeout. Next one should arrive in 480 seconds.
[2026-01-05 10:35:07,136] INFO rq.worker: Cleaning registries for queue: import
[2026-01-05 10:35:07,139] DEBUG rq.worker: *** Listening on import...
[2026-01-05 10:35:07,140] DEBUG rq.worker: Sent heartbeat to prevent worker timeout. Next one should arrive in 480 seconds.
[2026-01-05 10:35:07,141] DEBUG rq.worker: Dequeueing jobs on queues import and timeout 405
[2026-01-05 10:35:07,210] DEBUG rq.worker: Registering birth of worker 6ec8760ff1054fa3a76cc38f96ec4a5a
[2026-01-05 10:35:07,212] INFO rq.worker: Worker rq:worker:6ec8760ff1054fa3a76cc38f96ec4a5a started with PID 121, version 1.16.0
[2026-01-05 10:35:07,213] INFO rq.worker: Subscribing to channel rq:pubsub:6ec8760ff1054fa3a76cc38f96ec4a5a
[2026-01-05 10:35:07,215] INFO rq.worker: *** Listening on annotation...
[2026-01-05 10:35:07,216] DEBUG rq.worker: Sent heartbeat to prevent worker timeout. Next one should arrive in 480 seconds.
[2026-01-05 10:35:07,218] INFO rq.worker: Cleaning registries for queue: annotation
[2026-01-05 10:35:07,224] DEBUG rq.worker: *** Listening on annotation...
[2026-01-05 10:35:07,226] DEBUG rq.worker: Sent heartbeat to prevent worker timeout. Next one should arrive in 480 seconds.
[2026-01-05 10:35:07,226] DEBUG rq.worker: Dequeueing jobs on queues annotation and timeout 405
[2026-01-05 10:35:07,311] DEBUG rq.worker: Registering birth of worker c8430f90c33640e69ea5a772e8ccb92a
[2026-01-05 10:35:07,313] INFO rq.worker: Worker rq:worker:c8430f90c33640e69ea5a772e8ccb92a started with PID 120, version 1.16.0
[2026-01-05 10:35:07,313] INFO rq.worker: Subscribing to channel rq:pubsub:c8430f90c33640e69ea5a772e8ccb92a
[2026-01-05 10:35:07,322] INFO rq.worker: *** Listening on quality_reports...
[2026-01-05 10:35:07,322] DEBUG rq.worker: Sent heartbeat to prevent worker timeout. Next one should arrive in 480 seconds.
[2026-01-05 10:35:07,324] INFO rq.worker: Cleaning registries for queue: quality_reports
[2026-01-05 10:35:07,335] DEBUG rq.worker: *** Listening on quality_reports...
[2026-01-05 10:35:07,336] DEBUG rq.worker: Sent heartbeat to prevent worker timeout. Next one should arrive in 480 seconds.
[2026-01-05 10:35:07,337] DEBUG rq.worker: Dequeueing jobs on queues quality_reports and timeout 405
[2026-01-05 10:35:07,691] DEBUG rq.worker: Registering birth of worker f2f71eca77d54a43bd29d34de69ff0b3
[2026-01-05 10:35:07,694] INFO rq.worker: Worker rq:worker:f2f71eca77d54a43bd29d34de69ff0b3 started with PID 124, version 1.16.0
[2026-01-05 10:35:07,694] INFO rq.worker: Subscribing to channel rq:pubsub:f2f71eca77d54a43bd29d34de69ff0b3
[2026-01-05 10:35:07,697] INFO rq.worker: *** Listening on import...
[2026-01-05 10:35:07,697] DEBUG rq.worker: Sent heartbeat to prevent worker timeout. Next one should arrive in 480 seconds.
[2026-01-05 10:35:07,698] INFO rq.worker: Cleaning registries for queue: import
[2026-01-05 10:35:07,701] DEBUG rq.worker: *** Listening on import...
[2026-01-05 10:35:07,702] DEBUG rq.worker: Registering birth of worker acfa5c9a28c149be8c78178b810a6861
[2026-01-05 10:35:07,702] DEBUG rq.worker: Sent heartbeat to prevent worker timeout. Next one should arrive in 480 seconds.
[2026-01-05 10:35:07,702] DEBUG rq.worker: Dequeueing jobs on queues import and timeout 405
[2026-01-05 10:35:07,704] INFO rq.worker: Worker rq:worker:acfa5c9a28c149be8c78178b810a6861 started with PID 120, version 1.16.0
[2026-01-05 10:35:07,704] INFO rq.worker: Subscribing to channel rq:pubsub:acfa5c9a28c149be8c78178b810a6861
[2026-01-05 10:35:07,706] INFO rq.worker: *** Listening on export...
[2026-01-05 10:35:07,706] DEBUG rq.worker: Sent heartbeat to prevent worker timeout. Next one should arrive in 480 seconds.
[2026-01-05 10:35:07,708] INFO rq.worker: Cleaning registries for queue: export
[2026-01-05 10:35:07,710] DEBUG rq.worker: *** Listening on export...
[2026-01-05 10:35:07,711] DEBUG rq.worker: Sent heartbeat to prevent worker timeout. Next one should arrive in 480 seconds.
[2026-01-05 10:35:07,711] DEBUG rq.worker: Dequeueing jobs on queues export and timeout 405
[2026-01-05 10:35:07,910] DEBUG rq.worker: Registering birth of worker 9cb1cf736ad949e5b68d91155921f218
[2026-01-05 10:35:07,912] INFO rq.worker: Worker rq:worker:9cb1cf736ad949e5b68d91155921f218 started with PID 120, version 1.16.0
[2026-01-05 10:35:07,913] INFO rq.worker: Subscribing to channel rq:pubsub:9cb1cf736ad949e5b68d91155921f218
[2026-01-05 10:35:07,915] INFO rq.worker: *** Listening on consensus...
[2026-01-05 10:35:07,915] DEBUG rq.worker: Sent heartbeat to prevent worker timeout. Next one should arrive in 480 seconds.
[2026-01-05 10:35:07,916] INFO rq.worker: Cleaning registries for queue: consensus
[2026-01-05 10:35:07,916] DEBUG rq.worker: Registering birth of worker f60f88803261444e834fd170803002eb
[2026-01-05 10:35:07,918] INFO rq.worker: Worker rq:worker:f60f88803261444e834fd170803002eb started with PID 121, version 1.16.0
[2026-01-05 10:35:07,918] INFO rq.worker: Subscribing to channel rq:pubsub:f60f88803261444e834fd170803002eb
[2026-01-05 10:35:07,919] DEBUG rq.worker: *** Listening on consensus...
[2026-01-05 10:35:07,920] DEBUG rq.worker: Sent heartbeat to prevent worker timeout. Next one should arrive in 480 seconds.
[2026-01-05 10:35:07,920] DEBUG rq.worker: Dequeueing jobs on queues consensus and timeout 405
[2026-01-05 10:35:07,920] INFO rq.worker: *** Listening on notifications, cleaning...
[2026-01-05 10:35:07,920] DEBUG rq.worker: Sent heartbeat to prevent worker timeout. Next one should arrive in 480 seconds.
[2026-01-05 10:35:07,921] INFO rq.worker: Cleaning registries for queue: notifications
[2026-01-05 10:35:07,923] INFO rq.worker: Cleaning registries for queue: cleaning
[2026-01-05 10:35:07,924] DEBUG rq.worker: Registering birth of worker 11935ed6e2d24f3ca2d11af7c5278b23
[2026-01-05 10:35:07,925] DEBUG rq.worker: *** Listening on notifications,cleaning...
[2026-01-05 10:35:07,926] DEBUG rq.worker: Sent heartbeat to prevent worker timeout. Next one should arrive in 480 seconds.
[2026-01-05 10:35:07,926] DEBUG rq.worker: Dequeueing jobs on queues notifications,cleaning and timeout 405
[2026-01-05 10:35:07,926] INFO rq.worker: Worker rq:worker:11935ed6e2d24f3ca2d11af7c5278b23 started with PID 121, version 1.16.0
[2026-01-05 10:35:07,927] INFO rq.worker: Subscribing to channel rq:pubsub:11935ed6e2d24f3ca2d11af7c5278b23
[2026-01-05 10:35:07,928] DEBUG rq.worker: Dequeued job clean_up_sessions from cleaning
[2026-01-05 10:35:07,928] INFO rq.worker: cleaning: cvat.apps.iam.utils.clean_up_sessions() (clean_up_sessions)
[2026-01-05 10:35:07,929] DEBUG rq.worker: Sent heartbeat to prevent worker timeout. Next one should arrive in 480 seconds.
[2026-01-05 10:35:07,929] INFO rq.worker: *** Listening on export...
[2026-01-05 10:35:07,929] DEBUG rq.worker: Sent heartbeat to prevent worker timeout. Next one should arrive in 480 seconds.
[2026-01-05 10:35:07,930] INFO rq.worker: Cleaning registries for queue: export
[2026-01-05 10:35:07,932] DEBUG rq.worker: *** Listening on export...
[2026-01-05 10:35:07,933] DEBUG rq.worker: Sent heartbeat to prevent worker timeout. Next one should arrive in 480 seconds.
[2026-01-05 10:35:07,933] DEBUG rq.worker: Dequeueing jobs on queues export and timeout 405
[2026-01-05 10:35:07,941] DEBUG rq.worker: Started Job Registry set.
[2026-01-05 10:35:07,941] DEBUG rq.worker: Preparing for execution of Job ID clean_up_sessions
[2026-01-05 10:35:07,942] DEBUG rq.worker: Sent heartbeat to prevent worker timeout. Next one should arrive in 90 seconds.
[2026-01-05 10:35:07,944] DEBUG rq.worker: Job preparation finished.
[2026-01-05 10:35:07,944] DEBUG rq.worker: Performing Job...
[2026-01-05 10:35:07,972] DEBUG rq.worker: Finished performing Job ID clean_up_sessions
[2026-01-05 10:35:07,973] DEBUG rq.worker: Handling successful execution of job clean_up_sessions
[2026-01-05 10:35:07,974] DEBUG rq.worker: Saving job clean_up_sessions's successful execution result
[2026-01-05 10:35:07,975] DEBUG rq.worker: Removing job clean_up_sessions from StartedJobRegistry
[2026-01-05 10:35:07,976] DEBUG rq.worker: Finished handling successful execution of job clean_up_sessions
[2026-01-05 10:35:07,976] INFO rq.worker: cleaning: Job OK (clean_up_sessions)
[2026-01-05 10:35:07,976] INFO rq.worker: Result will never expire, clean up result key manually
[2026-01-05 10:35:07,985] DEBUG rq.worker: Sent heartbeat to prevent worker timeout. Next one should arrive in 480 seconds.
[2026-01-05 10:35:07,985] DEBUG rq.worker: Sent heartbeat to prevent worker timeout. Next one should arrive in 480 seconds.
[2026-01-05 10:35:07,986] DEBUG rq.worker: *** Listening on notifications,cleaning...
[2026-01-05 10:35:07,987] DEBUG rq.worker: Sent heartbeat to prevent worker timeout. Next one should arrive in 480 seconds.
[2026-01-05 10:35:07,987] DEBUG rq.worker: Dequeueing jobs on queues notifications,cleaning and timeout 405
[2026-01-05 10:35:07,988] DEBUG rq.worker: Dequeued job cron_export_cache_directory_cleanup from cleaning
[2026-01-05 10:35:07,988] INFO rq.worker: cleaning: cvat.apps.dataset_manager.cron.cleanup_export_cache_directory() (cron_export_cache_directory_cleanup)
[2026-01-05 10:35:07,989] DEBUG rq.worker: Sent heartbeat to prevent worker timeout. Next one should arrive in 480 seconds.
[2026-01-05 10:35:07,997] DEBUG rq.worker: Started Job Registry set.
[2026-01-05 10:35:07,998] DEBUG rq.worker: Preparing for execution of Job ID cron_export_cache_directory_cleanup
[2026-01-05 10:35:07,998] DEBUG rq.worker: Sent heartbeat to prevent worker timeout. Next one should arrive in 90 seconds.
[2026-01-05 10:35:08,001] DEBUG rq.worker: Job preparation finished.
[2026-01-05 10:35:08,001] DEBUG rq.worker: Performing Job...
[2026-01-05 10:35:08,006] INFO cvat.apps.dataset_manager.cron: The 'export cache directory cleanup' process has been successfully completed after 0 seconds. 0 elements have been removed
[2026-01-05 10:35:08,006] DEBUG rq.worker: Finished performing Job ID cron_export_cache_directory_cleanup
[2026-01-05 10:35:08,007] DEBUG rq.worker: Handling successful execution of job cron_export_cache_directory_cleanup
[2026-01-05 10:35:08,008] DEBUG rq.worker: Saving job cron_export_cache_directory_cleanup's successful execution result
[2026-01-05 10:35:08,009] DEBUG rq.worker: Removing job cron_export_cache_directory_cleanup from StartedJobRegistry
[2026-01-05 10:35:08,010] DEBUG rq.worker: Finished handling successful execution of job cron_export_cache_directory_cleanup
[2026-01-05 10:35:08,010] INFO rq.worker: cleaning: Job OK (cron_export_cache_directory_cleanup)
[2026-01-05 10:35:08,010] INFO rq.worker: Result will never expire, clean up result key manually
[2026-01-05 10:35:08,018] DEBUG rq.worker: Sent heartbeat to prevent worker timeout. Next one should arrive in 480 seconds.
[2026-01-05 10:35:08,019] DEBUG rq.worker: Sent heartbeat to prevent worker timeout. Next one should arrive in 480 seconds.
[2026-01-05 10:35:08,020] DEBUG rq.worker: *** Listening on notifications,cleaning...
[2026-01-05 10:35:08,021] DEBUG rq.worker: Sent heartbeat to prevent worker timeout. Next one should arrive in 480 seconds.
[2026-01-05 10:35:08,021] DEBUG rq.worker: Dequeueing jobs on queues notifications,cleaning and timeout 405
[2026-01-05 10:35:08,022] DEBUG rq.worker: Dequeued job cron_tmp_directory_cleanup from cleaning
[2026-01-05 10:35:08,022] INFO rq.worker: cleaning: cvat.apps.dataset_manager.cron.cleanup_tmp_directory() (cron_tmp_directory_cleanup)
[2026-01-05 10:35:08,023] DEBUG rq.worker: Sent heartbeat to prevent worker timeout. Next one should arrive in 480 seconds.
[2026-01-05 10:35:08,032] DEBUG rq.worker: Started Job Registry set.
[2026-01-05 10:35:08,033] DEBUG rq.worker: Preparing for execution of Job ID cron_tmp_directory_cleanup
[2026-01-05 10:35:08,034] DEBUG rq.worker: Sent heartbeat to prevent worker timeout. Next one should arrive in 90 seconds.
[2026-01-05 10:35:08,037] DEBUG rq.worker: Job preparation finished.
[2026-01-05 10:35:08,037] DEBUG rq.worker: Performing Job...
[2026-01-05 10:35:08,039] INFO cvat.apps.dataset_manager.cron: The 'common temporary directory cleanup' process has been successfully completed after 0 seconds. 0 elements have been removed
[2026-01-05 10:35:08,040] DEBUG rq.worker: Finished performing Job ID cron_tmp_directory_cleanup
[2026-01-05 10:35:08,040] DEBUG rq.worker: Handling successful execution of job cron_tmp_directory_cleanup
[2026-01-05 10:35:08,041] DEBUG rq.worker: Saving job cron_tmp_directory_cleanup's successful execution result
[2026-01-05 10:35:08,042] DEBUG rq.worker: Removing job cron_tmp_directory_cleanup from StartedJobRegistry
[2026-01-05 10:35:08,043] DEBUG rq.worker: Finished handling successful execution of job cron_tmp_directory_cleanup
[2026-01-05 10:35:08,043] INFO rq.worker: cleaning: Job OK (cron_tmp_directory_cleanup)
[2026-01-05 10:35:08,043] INFO rq.worker: Result will never expire, clean up result key manually
[2026-01-05 10:35:08,051] DEBUG rq.worker: Sent heartbeat to prevent worker timeout. Next one should arrive in 480 seconds.
[2026-01-05 10:35:08,051] DEBUG rq.worker: Sent heartbeat to prevent worker timeout. Next one should arrive in 480 seconds.
[2026-01-05 10:35:08,052] DEBUG rq.worker: *** Listening on notifications,cleaning...
[2026-01-05 10:35:08,053] DEBUG rq.worker: Sent heartbeat to prevent worker timeout. Next one should arrive in 480 seconds.
[2026-01-05 10:35:08,053] DEBUG rq.worker: Dequeueing jobs on queues notifications,cleaning and timeout 405
[2026-01-05 10:35:08,054] DEBUG rq.worker: Dequeued job clear_unusable_access_tokens from cleaning
[2026-01-05 10:35:08,054] INFO rq.worker: cleaning: cvat.apps.access_tokens.cron.clear_unusable_access_tokens() (clear_unusable_access_tokens)
[2026-01-05 10:35:08,055] DEBUG rq.worker: Sent heartbeat to prevent worker timeout. Next one should arrive in 480 seconds.
[2026-01-05 10:35:08,063] DEBUG rq.worker: Started Job Registry set.
[2026-01-05 10:35:08,063] DEBUG rq.worker: Preparing for execution of Job ID clear_unusable_access_tokens
[2026-01-05 10:35:08,064] DEBUG rq.worker: Sent heartbeat to prevent worker timeout. Next one should arrive in 90 seconds.
[2026-01-05 10:35:08,067] DEBUG rq.worker: Job preparation finished.
[2026-01-05 10:35:08,067] DEBUG rq.worker: Performing Job...
[2026-01-05 10:35:08,101] INFO cvat.apps.access_tokens.cron.clear_unusable_access_tokens: Deleted expired tokens: 0, deleted revoked tokens: 0, deleted stale tokens: 0
[2026-01-05 10:35:08,102] DEBUG rq.worker: Finished performing Job ID clear_unusable_access_tokens
[2026-01-05 10:35:08,103] DEBUG rq.worker: Handling successful execution of job clear_unusable_access_tokens
[2026-01-05 10:35:08,103] DEBUG rq.worker: Saving job clear_unusable_access_tokens's successful execution result
[2026-01-05 10:35:08,104] DEBUG rq.worker: Removing job clear_unusable_access_tokens from StartedJobRegistry
[2026-01-05 10:35:08,105] DEBUG rq.worker: Finished handling successful execution of job clear_unusable_access_tokens
[2026-01-05 10:35:08,105] INFO rq.worker: cleaning: Job OK (clear_unusable_access_tokens)
[2026-01-05 10:35:08,105] INFO rq.worker: Result will never expire, clean up result key manually
[2026-01-05 10:35:08,114] DEBUG rq.worker: Sent heartbeat to prevent worker timeout. Next one should arrive in 480 seconds.
[2026-01-05 10:35:08,114] DEBUG rq.worker: Sent heartbeat to prevent worker timeout. Next one should arrive in 480 seconds.
[2026-01-05 10:35:08,115] DEBUG rq.worker: *** Listening on notifications,cleaning...
[2026-01-05 10:35:08,116] DEBUG rq.worker: Sent heartbeat to prevent worker timeout. Next one should arrive in 480 seconds.
[2026-01-05 10:35:08,117] DEBUG rq.worker: Dequeueing jobs on queues notifications,cleaning and timeout 405
[2026-01-05 10:41:06,596] WARNING django.request: Not Found: /api/user-agreements
[2026-01-05 10:41:10,692] WARNING django.request: Not Found: /api/user-agreements
[2026-01-05 10:41:19,738] WARNING django.request: Not Found: /api/user-agreements
[2026-01-05 10:41:19,738] WARNING django.request: Unauthorized: /api/users/self
[2026-01-05 10:41:30,136] WARNING django.request: Unauthorized: /api/users/self
[2026-01-05 10:41:30,137] WARNING django.request: Not Found: /api/user-agreements
[2026-01-05 10:41:46,917] WARNING django.request: Unauthorized: /api/users/self
[2026-01-05 10:41:46,919] WARNING django.request: Not Found: /api/user-agreements
[2026-01-05 10:41:51,832] DEBUG rq.worker: Sent heartbeat to prevent worker timeout. Next one should arrive in 480 seconds.
[2026-01-05 10:41:51,834] DEBUG rq.worker: Dequeueing jobs on queues webhooks and timeout 405
[2026-01-05 10:41:52,032] DEBUG rq.worker: Sent heartbeat to prevent worker timeout. Next one should arrive in 480 seconds.
[2026-01-05 10:41:52,033] DEBUG rq.worker: Dequeueing jobs on queues chunks and timeout 405
[2026-01-05 10:41:52,179] DEBUG rq.worker: Sent heartbeat to prevent worker timeout. Next one should arrive in 480 seconds.
[2026-01-05 10:41:52,180] DEBUG rq.worker: Dequeueing jobs on queues chunks and timeout 405
[2026-01-05 10:41:52,178] DEBUG rq.worker: Sent heartbeat to prevent worker timeout. Next one should arrive in 480 seconds.
[2026-01-05 10:41:52,180] DEBUG rq.worker: Dequeueing jobs on queues import and timeout 405
[2026-01-05 10:41:52,279] DEBUG rq.worker: Sent heartbeat to prevent worker timeout. Next one should arrive in 480 seconds.
[2026-01-05 10:41:52,279] DEBUG rq.worker: Dequeueing jobs on queues annotation and timeout 405
[2026-01-05 10:41:52,380] DEBUG rq.worker: Sent heartbeat to prevent worker timeout. Next one should arrive in 480 seconds.
[2026-01-05 10:41:52,380] DEBUG rq.worker: Dequeueing jobs on queues quality_reports and timeout 405
[2026-01-05 10:41:52,783] DEBUG rq.worker: Sent heartbeat to prevent worker timeout. Next one should arrive in 480 seconds.
[2026-01-05 10:41:52,784] DEBUG rq.worker: Dequeueing jobs on queues import and timeout 405
[2026-01-05 10:41:52,784] DEBUG rq.worker: Sent heartbeat to prevent worker timeout. Next one should arrive in 480 seconds.
[2026-01-05 10:41:52,786] DEBUG rq.worker: Dequeueing jobs on queues export and timeout 405
[2026-01-05 10:41:52,984] DEBUG rq.worker: Sent heartbeat to prevent worker timeout. Next one should arrive in 480 seconds.
[2026-01-05 10:41:52,986] DEBUG rq.worker: Dequeueing jobs on queues consensus and timeout 405
[2026-01-05 10:41:52,985] DEBUG rq.worker: Sent heartbeat to prevent worker timeout. Next one should arrive in 480 seconds.
[2026-01-05 10:41:52,986] DEBUG rq.worker: Dequeueing jobs on queues export and timeout 405
[2026-01-05 10:41:53,187] DEBUG rq.worker: Sent heartbeat to prevent worker timeout. Next one should arrive in 480 seconds.
[2026-01-05 10:41:53,187] DEBUG rq.worker: Dequeueing jobs on queues notifications,cleaning and timeout 405
[2026-01-05 10:41:57,295] WARNING django.request: Not Found: /api/user-agreements
[2026-01-05 10:42:18,484] WARNING django.request: Unauthorized: /api/users/self
[2026-01-05 10:42:18,493] WARNING django.request: Not Found: /api/user-agreements
[2026-01-05 10:42:51,634] WARNING django.request: Unauthorized: /api/users/self
[2026-01-05 10:42:51,635] WARNING django.request: Not Found: /api/user-agreements
[2026-01-05 10:43:02,896] WARNING django.request: Not Found: /api/user-agreements
[2026-01-05 10:43:16,715] INFO cvat.apps.engine.cache: Starting to prepare chunk: key segment_1_chunk_0_0
[2026-01-05 10:43:16,729] DEBUG rq.worker: Dequeued job chunks:prepare-item-segment_1_chunk_0_0 from chunks
[2026-01-05 10:43:16,729] INFO rq.worker: chunks: __call__() (chunks:prepare-item-segment_1_chunk_0_0)
[2026-01-05 10:43:16,730] DEBUG rq.worker: Sent heartbeat to prevent worker timeout. Next one should arrive in 480 seconds.
[2026-01-05 10:43:16,747] DEBUG rq.worker: Started Job Registry set.
[2026-01-05 10:43:16,748] DEBUG rq.worker: Preparing for execution of Job ID chunks:prepare-item-segment_1_chunk_0_0
[2026-01-05 10:43:16,748] DEBUG rq.worker: Sent heartbeat to prevent worker timeout. Next one should arrive in 90 seconds.
[2026-01-05 10:43:16,751] DEBUG rq.worker: Job preparation finished.
[2026-01-05 10:43:16,751] DEBUG rq.worker: Performing Job...
[2026-01-05 10:43:16,852] DEBUG rq.worker: Finished performing Job ID chunks:prepare-item-segment_1_chunk_0_0
[2026-01-05 10:43:16,853] DEBUG rq.worker: Handling successful execution of job chunks:prepare-item-segment_1_chunk_0_0
[2026-01-05 10:43:16,854] DEBUG rq.worker: Saving job chunks:prepare-item-segment_1_chunk_0_0's successful execution result
[2026-01-05 10:43:16,854] DEBUG rq.worker: Removing job chunks:prepare-item-segment_1_chunk_0_0 from StartedJobRegistry
[2026-01-05 10:43:16,855] DEBUG rq.worker: Finished handling successful execution of job chunks:prepare-item-segment_1_chunk_0_0
[2026-01-05 10:43:16,855] INFO rq.worker: chunks: Job OK (chunks:prepare-item-segment_1_chunk_0_0)
[2026-01-05 10:43:16,855] INFO rq.worker: Result is kept for 60 seconds
[2026-01-05 10:43:16,864] DEBUG rq.worker: Sent heartbeat to prevent worker timeout. Next one should arrive in 480 seconds.
[2026-01-05 10:43:16,865] DEBUG rq.worker: Sent heartbeat to prevent worker timeout. Next one should arrive in 480 seconds.
[2026-01-05 10:43:16,866] DEBUG rq.worker: *** Listening on chunks...
[2026-01-05 10:43:16,867] DEBUG rq.worker: Sent heartbeat to prevent worker timeout. Next one should arrive in 480 seconds.
[2026-01-05 10:43:16,867] DEBUG rq.worker: Dequeueing jobs on queues chunks and timeout 405
[2026-01-05 10:43:16,928] INFO cvat.apps.engine.cache: Ending to prepare chunk: key segment_1_chunk_0_0
[2026-01-05 10:45:50,309] DEBUG rq.worker: Dequeued job action=export&target=job&target_id=1&user_id=1&format=Ultralytics_YOLO_Classification_1~0&subresource=annotations from export
[2026-01-05 10:45:50,311] INFO rq.worker: export: cvat.apps.dataset_manager.views.export_job_annotations(1, 'Ultralytics YOLO Classification 1.0', server_url='http://localhost:8080') (action=export&target=job&target_id=1&user_id=1&format=Ultralytics_YOLO_Classification_1~0&subresource=annotations)
[2026-01-05 10:45:50,312] DEBUG rq.worker: Sent heartbeat to prevent worker timeout. Next one should arrive in 480 seconds.
[2026-01-05 10:45:50,364] DEBUG rq.worker: Started Job Registry set.
[2026-01-05 10:45:50,364] DEBUG rq.worker: Preparing for execution of Job ID action=export&target=job&target_id=1&user_id=1&format=Ultralytics_YOLO_Classification_1~0&subresource=annotations
[2026-01-05 10:45:50,364] DEBUG rq.worker: Sent heartbeat to prevent worker timeout. Next one should arrive in 90 seconds.
[2026-01-05 10:45:50,369] DEBUG rq.worker: Job preparation finished.
[2026-01-05 10:45:50,369] DEBUG rq.worker: Performing Job...
[2026-01-05 10:45:50,454] INFO cvat.apps.dataset_manager.views: [Job.id=1] The job '1' is exported as 'Ultralytics YOLO Classification 1.0' at '/home/django/data/cache/export/job-1-annotations-instance1767609877.402832-ultralytics-_yolo-_classification-10.zip' and available for downloading for the next 86400.0 seconds. 
[2026-01-05 10:45:50,454] DEBUG rq.worker: Finished performing Job ID action=export&target=job&target_id=1&user_id=1&format=Ultralytics_YOLO_Classification_1~0&subresource=annotations
[2026-01-05 10:45:50,455] DEBUG rq.worker: Handling successful execution of job action=export&target=job&target_id=1&user_id=1&format=Ultralytics_YOLO_Classification_1~0&subresource=annotations
[2026-01-05 10:45:50,456] DEBUG rq.worker: Saving job action=export&target=job&target_id=1&user_id=1&format=Ultralytics_YOLO_Classification_1~0&subresource=annotations's successful execution result
[2026-01-05 10:45:50,456] DEBUG rq.worker: Removing job action=export&target=job&target_id=1&user_id=1&format=Ultralytics_YOLO_Classification_1~0&subresource=annotations from StartedJobRegistry
[2026-01-05 10:45:50,457] DEBUG rq.worker: Finished handling successful execution of job action=export&target=job&target_id=1&user_id=1&format=Ultralytics_YOLO_Classification_1~0&subresource=annotations
[2026-01-05 10:45:50,457] INFO rq.worker: export: Job OK (action=export&target=job&target_id=1&user_id=1&format=Ultralytics_YOLO_Classification_1~0&subresource=annotations)
[2026-01-05 10:45:50,457] DEBUG rq.worker: Result: '/home/django/data/cache/export/job-1-annotations-instance1767609877.402832-ultralytics-_yolo-_classification-10.zip'
[2026-01-05 10:45:50,457] INFO rq.worker: Result is kept for 86400 seconds
[2026-01-05 10:45:50,466] DEBUG rq.worker: Sent heartbeat to prevent worker timeout. Next one should arrive in 480 seconds.
[2026-01-05 10:45:50,467] DEBUG rq.worker: Sent heartbeat to prevent worker timeout. Next one should arrive in 480 seconds.
[2026-01-05 10:45:50,467] INFO rq.worker: Cleaning registries for queue: export
[2026-01-05 10:45:50,469] DEBUG rq.worker: *** Listening on export...
[2026-01-05 10:45:50,470] DEBUG rq.worker: Sent heartbeat to prevent worker timeout. Next one should arrive in 480 seconds.
[2026-01-05 10:45:50,470] DEBUG rq.worker: Dequeueing jobs on queues export and timeout 405
[2026-01-05 10:48:13,353] DEBUG rq.worker: Dequeued job action=merge&target=task&target_id=1 from consensus
[2026-01-05 10:48:13,354] INFO rq.worker: consensus: _merge(target_id=1, target_type=<class 'cvat.apps.engine.models.Task'>) (action=merge&target=task&target_id=1)
[2026-01-05 10:48:13,355] DEBUG rq.worker: Sent heartbeat to prevent worker timeout. Next one should arrive in 480 seconds.
[2026-01-05 10:48:13,367] DEBUG rq.worker: Started Job Registry set.
[2026-01-05 10:48:13,367] DEBUG rq.worker: Preparing for execution of Job ID action=merge&target=task&target_id=1
[2026-01-05 10:48:13,368] DEBUG rq.worker: Sent heartbeat to prevent worker timeout. Next one should arrive in 90 seconds.
[2026-01-05 10:48:13,371] DEBUG rq.worker: Job preparation finished.
[2026-01-05 10:48:13,371] DEBUG rq.worker: Performing Job...
[2026-01-05 10:48:13,628] DEBUG rq.worker: Finished performing Job ID action=merge&target=task&target_id=1
[2026-01-05 10:48:13,630] DEBUG rq.worker: Handling successful execution of job action=merge&target=task&target_id=1
[2026-01-05 10:48:13,631] DEBUG rq.worker: Saving job action=merge&target=task&target_id=1's successful execution result
[2026-01-05 10:48:13,631] DEBUG rq.worker: Removing job action=merge&target=task&target_id=1 from StartedJobRegistry
[2026-01-05 10:48:13,632] DEBUG rq.worker: Finished handling successful execution of job action=merge&target=task&target_id=1
[2026-01-05 10:48:13,632] INFO rq.worker: consensus: Job OK (action=merge&target=task&target_id=1)
[2026-01-05 10:48:13,632] INFO rq.worker: Result is kept for 300 seconds
[2026-01-05 10:48:13,642] DEBUG rq.worker: Sent heartbeat to prevent worker timeout. Next one should arrive in 480 seconds.
[2026-01-05 10:48:13,642] DEBUG rq.worker: Sent heartbeat to prevent worker timeout. Next one should arrive in 480 seconds.
[2026-01-05 10:48:13,644] INFO rq.worker: Cleaning registries for queue: consensus
[2026-01-05 10:48:13,647] DEBUG rq.worker: *** Listening on consensus...
[2026-01-05 10:48:13,648] DEBUG rq.worker: Sent heartbeat to prevent worker timeout. Next one should arrive in 480 seconds.
[2026-01-05 10:48:13,648] DEBUG rq.worker: Dequeueing jobs on queues consensus and timeout 405
[2026-01-05 10:48:36,850] DEBUG rq.worker: Sent heartbeat to prevent worker timeout. Next one should arrive in 480 seconds.
[2026-01-05 10:48:36,853] INFO rq.worker: Cleaning registries for queue: webhooks
[2026-01-05 10:48:36,856] DEBUG rq.worker: Dequeueing jobs on queues webhooks and timeout 405
[2026-01-05 10:48:37,243] DEBUG rq.worker: Sent heartbeat to prevent worker timeout. Next one should arrive in 480 seconds.
[2026-01-05 10:48:37,244] INFO rq.worker: Cleaning registries for queue: chunks
[2026-01-05 10:48:37,243] DEBUG rq.worker: Sent heartbeat to prevent worker timeout. Next one should arrive in 480 seconds.
[2026-01-05 10:48:37,247] INFO rq.worker: Cleaning registries for queue: import
[2026-01-05 10:48:37,247] DEBUG rq.worker: Dequeueing jobs on queues chunks and timeout 405
[2026-01-05 10:48:37,260] DEBUG rq.worker: Dequeueing jobs on queues import and timeout 405
[2026-01-05 10:48:37,341] DEBUG rq.worker: Sent heartbeat to prevent worker timeout. Next one should arrive in 480 seconds.
[2026-01-05 10:48:37,342] INFO rq.worker: Cleaning registries for queue: annotation
[2026-01-05 10:48:37,346] DEBUG rq.worker: Dequeueing jobs on queues annotation and timeout 405
[2026-01-05 10:48:37,443] DEBUG rq.worker: Sent heartbeat to prevent worker timeout. Next one should arrive in 480 seconds.
[2026-01-05 10:48:37,444] INFO rq.worker: Cleaning registries for queue: quality_reports
[2026-01-05 10:48:37,448] DEBUG rq.worker: Dequeueing jobs on queues quality_reports and timeout 405
[2026-01-05 10:48:37,846] DEBUG rq.worker: Sent heartbeat to prevent worker timeout. Next one should arrive in 480 seconds.
[2026-01-05 10:48:37,847] INFO rq.worker: Cleaning registries for queue: import
[2026-01-05 10:48:37,852] DEBUG rq.worker: Dequeueing jobs on queues import and timeout 405
[2026-01-05 10:48:38,047] DEBUG rq.worker: Sent heartbeat to prevent worker timeout. Next one should arrive in 480 seconds.
[2026-01-05 10:48:38,054] INFO rq.worker: Cleaning registries for queue: export
[2026-01-05 10:48:38,057] DEBUG rq.worker: Dequeueing jobs on queues export and timeout 405
[2026-01-05 10:48:38,253] DEBUG rq.worker: Sent heartbeat to prevent worker timeout. Next one should arrive in 480 seconds.
[2026-01-05 10:48:38,254] INFO rq.worker: Cleaning registries for queue: notifications
[2026-01-05 10:48:38,259] INFO rq.worker: Cleaning registries for queue: cleaning
[2026-01-05 10:48:38,262] DEBUG rq.worker: Dequeueing jobs on queues notifications,cleaning and timeout 405
[2026-01-05 10:49:22,292] DEBUG rq.worker: Dequeued job action=merge&target=task&target_id=1 from consensus
[2026-01-05 10:49:22,293] INFO rq.worker: consensus: _merge(target_id=1, target_type=<class 'cvat.apps.engine.models.Task'>) (action=merge&target=task&target_id=1)
[2026-01-05 10:49:22,294] DEBUG rq.worker: Sent heartbeat to prevent worker timeout. Next one should arrive in 480 seconds.
[2026-01-05 10:49:22,306] DEBUG rq.worker: Started Job Registry set.
[2026-01-05 10:49:22,306] DEBUG rq.worker: Preparing for execution of Job ID action=merge&target=task&target_id=1
[2026-01-05 10:49:22,307] DEBUG rq.worker: Sent heartbeat to prevent worker timeout. Next one should arrive in 90 seconds.
[2026-01-05 10:49:22,309] DEBUG rq.worker: Job preparation finished.
[2026-01-05 10:49:22,309] DEBUG rq.worker: Performing Job...
[2026-01-05 10:49:22,541] DEBUG rq.worker: Finished performing Job ID action=merge&target=task&target_id=1
[2026-01-05 10:49:22,541] DEBUG rq.worker: Handling successful execution of job action=merge&target=task&target_id=1
[2026-01-05 10:49:22,542] DEBUG rq.worker: Saving job action=merge&target=task&target_id=1's successful execution result
[2026-01-05 10:49:22,543] DEBUG rq.worker: Removing job action=merge&target=task&target_id=1 from StartedJobRegistry
[2026-01-05 10:49:22,543] DEBUG rq.worker: Finished handling successful execution of job action=merge&target=task&target_id=1
[2026-01-05 10:49:22,544] INFO rq.worker: consensus: Job OK (action=merge&target=task&target_id=1)
[2026-01-05 10:49:22,544] INFO rq.worker: Result is kept for 300 seconds
[2026-01-05 10:49:22,554] DEBUG rq.worker: Sent heartbeat to prevent worker timeout. Next one should arrive in 480 seconds.
[2026-01-05 10:49:22,555] DEBUG rq.worker: Sent heartbeat to prevent worker timeout. Next one should arrive in 480 seconds.
[2026-01-05 10:49:22,556] DEBUG rq.worker: *** Listening on consensus...
[2026-01-05 10:49:22,557] DEBUG rq.worker: Sent heartbeat to prevent worker timeout. Next one should arrive in 480 seconds.
[2026-01-05 10:49:22,557] DEBUG rq.worker: Dequeueing jobs on queues consensus and timeout 405
[2026-01-05 10:50:01,898] DEBUG rq.worker: Sent heartbeat to prevent worker timeout. Next one should arrive in 480 seconds.
[2026-01-05 10:50:01,901] INFO rq.worker: Cleaning registries for queue: chunks
[2026-01-05 10:50:01,908] DEBUG rq.worker: Dequeueing jobs on queues chunks and timeout 405
[2026-01-05 10:50:09,190] DEBUG rq.worker: Dequeued job action=export&target=job&target_id=1&user_id=1&format=CVAT_for_images_1~1&subresource=annotations from export
[2026-01-05 10:50:09,190] INFO rq.worker: export: cvat.apps.dataset_manager.views.export_job_annotations(1, 'CVAT for images 1.1', server_url='http://localhost:8080') (action=export&target=job&target_id=1&user_id=1&format=CVAT_for_images_1~1&subresource=annotations)
[2026-01-05 10:50:09,192] DEBUG rq.worker: Sent heartbeat to prevent worker timeout. Next one should arrive in 480 seconds.
[2026-01-05 10:50:09,200] DEBUG rq.worker: Started Job Registry set.
[2026-01-05 10:50:09,201] DEBUG rq.worker: Preparing for execution of Job ID action=export&target=job&target_id=1&user_id=1&format=CVAT_for_images_1~1&subresource=annotations
[2026-01-05 10:50:09,201] DEBUG rq.worker: Sent heartbeat to prevent worker timeout. Next one should arrive in 90 seconds.
[2026-01-05 10:50:09,204] DEBUG rq.worker: Job preparation finished.
[2026-01-05 10:50:09,204] DEBUG rq.worker: Performing Job...
[2026-01-05 10:50:09,289] INFO cvat.apps.dataset_manager.views: [Job.id=1] The job '1' is exported as 'CVAT for images 1.1' at '/home/django/data/cache/export/job-1-annotations-instance1767610162.52557-cvat-for-images-11.zip' and available for downloading for the next 86400.0 seconds. 
[2026-01-05 10:50:09,290] DEBUG rq.worker: Finished performing Job ID action=export&target=job&target_id=1&user_id=1&format=CVAT_for_images_1~1&subresource=annotations
[2026-01-05 10:50:09,290] DEBUG rq.worker: Handling successful execution of job action=export&target=job&target_id=1&user_id=1&format=CVAT_for_images_1~1&subresource=annotations
[2026-01-05 10:50:09,291] DEBUG rq.worker: Saving job action=export&target=job&target_id=1&user_id=1&format=CVAT_for_images_1~1&subresource=annotations's successful execution result
[2026-01-05 10:50:09,292] DEBUG rq.worker: Removing job action=export&target=job&target_id=1&user_id=1&format=CVAT_for_images_1~1&subresource=annotations from StartedJobRegistry
[2026-01-05 10:50:09,292] DEBUG rq.worker: Finished handling successful execution of job action=export&target=job&target_id=1&user_id=1&format=CVAT_for_images_1~1&subresource=annotations
[2026-01-05 10:50:09,293] INFO rq.worker: export: Job OK (action=export&target=job&target_id=1&user_id=1&format=CVAT_for_images_1~1&subresource=annotations)
[2026-01-05 10:50:09,293] DEBUG rq.worker: Result: '/home/django/data/cache/export/job-1-annotations-instance1767610162.52557-cvat-for-images-11.zip'
[2026-01-05 10:50:09,293] INFO rq.worker: Result is kept for 86400 seconds
[2026-01-05 10:50:09,299] DEBUG rq.worker: Sent heartbeat to prevent worker timeout. Next one should arrive in 480 seconds.
[2026-01-05 10:50:09,299] DEBUG rq.worker: Sent heartbeat to prevent worker timeout. Next one should arrive in 480 seconds.
[2026-01-05 10:50:09,300] DEBUG rq.worker: *** Listening on export...
[2026-01-05 10:50:09,301] DEBUG rq.worker: Sent heartbeat to prevent worker timeout. Next one should arrive in 480 seconds.
[2026-01-05 10:50:09,301] DEBUG rq.worker: Dequeueing jobs on queues export and timeout 405
[2026-01-05 10:58:19,261] DEBUG rq.worker: Sent heartbeat to prevent worker timeout. Next one should arrive in 480 seconds.
[2026-01-05 10:58:19,261] DEBUG rq.worker: Sent heartbeat to prevent worker timeout. Next one should arrive in 480 seconds.
[2026-01-05 10:58:19,261] DEBUG rq.worker: Sent heartbeat to prevent worker timeout. Next one should arrive in 480 seconds.
[2026-01-05 10:58:19,261] DEBUG rq.worker: Sent heartbeat to prevent worker timeout. Next one should arrive in 480 seconds.
[2026-01-05 10:58:19,261] DEBUG rq.worker: Sent heartbeat to prevent worker timeout. Next one should arrive in 480 seconds.
[2026-01-05 10:58:19,261] DEBUG rq.worker: Sent heartbeat to prevent worker timeout. Next one should arrive in 480 seconds.
[2026-01-05 10:58:19,261] DEBUG rq.worker: Sent heartbeat to prevent worker timeout. Next one should arrive in 480 seconds.
[2026-01-05 10:58:19,266] DEBUG rq.worker: Dequeueing jobs on queues import and timeout 405
[2026-01-05 10:58:19,266] DEBUG rq.worker: Dequeueing jobs on queues quality_reports and timeout 405
[2026-01-05 10:58:19,266] DEBUG rq.worker: Dequeueing jobs on queues chunks and timeout 405
[2026-01-05 10:58:19,266] DEBUG rq.worker: Dequeueing jobs on queues chunks and timeout 405
[2026-01-05 10:58:19,266] DEBUG rq.worker: Dequeueing jobs on queues notifications,cleaning and timeout 405
[2026-01-05 10:58:19,261] DEBUG rq.worker: Sent heartbeat to prevent worker timeout. Next one should arrive in 480 seconds.
[2026-01-05 10:58:19,262] DEBUG rq.worker: Sent heartbeat to prevent worker timeout. Next one should arrive in 480 seconds.
[2026-01-05 10:58:19,262] DEBUG rq.worker: Sent heartbeat to prevent worker timeout. Next one should arrive in 480 seconds.
[2026-01-05 10:58:19,266] DEBUG rq.worker: Dequeueing jobs on queues webhooks and timeout 405
[2026-01-05 10:58:19,262] DEBUG rq.worker: Sent heartbeat to prevent worker timeout. Next one should arrive in 480 seconds.
[2026-01-05 10:58:19,266] INFO rq.worker: Cleaning registries for queue: export
[2026-01-05 10:58:19,266] DEBUG rq.worker: Dequeueing jobs on queues import and timeout 405
[2026-01-05 10:58:19,266] DEBUG rq.worker: Dequeueing jobs on queues annotation and timeout 405
[2026-01-05 10:58:19,266] INFO rq.worker: Cleaning registries for queue: consensus
[2026-01-05 10:58:19,267] DEBUG rq.worker: Dequeueing jobs on queues export and timeout 405
[2026-01-05 10:58:19,269] DEBUG rq.worker: Dequeueing jobs on queues consensus and timeout 405
[2026-01-05 10:58:19,269] DEBUG rq.worker: Dequeueing jobs on queues export and timeout 405
[2026-01-05 11:05:37,202] DEBUG rq.worker: Sent heartbeat to prevent worker timeout. Next one should arrive in 480 seconds.
[2026-01-05 11:05:37,201] DEBUG rq.worker: Sent heartbeat to prevent worker timeout. Next one should arrive in 480 seconds.
[2026-01-05 11:05:37,203] DEBUG rq.worker: Sent heartbeat to prevent worker timeout. Next one should arrive in 480 seconds.
[2026-01-05 11:05:37,201] DEBUG rq.worker: Sent heartbeat to prevent worker timeout. Next one should arrive in 480 seconds.
[2026-01-05 11:05:37,201] DEBUG rq.worker: Sent heartbeat to prevent worker timeout. Next one should arrive in 480 seconds.
[2026-01-05 11:05:37,204] DEBUG rq.worker: Sent heartbeat to prevent worker timeout. Next one should arrive in 480 seconds.
[2026-01-05 11:05:37,204] DEBUG rq.worker: Sent heartbeat to prevent worker timeout. Next one should arrive in 480 seconds.
[2026-01-05 11:05:37,207] INFO rq.worker: Cleaning registries for queue: import
[2026-01-05 11:05:37,203] DEBUG rq.worker: Sent heartbeat to prevent worker timeout. Next one should arrive in 480 seconds.
[2026-01-05 11:05:37,207] DEBUG rq.worker: Dequeueing jobs on queues consensus and timeout 405
[2026-01-05 11:05:37,207] INFO rq.worker: Cleaning registries for queue: webhooks
[2026-01-05 11:05:37,204] DEBUG rq.worker: Sent heartbeat to prevent worker timeout. Next one should arrive in 480 seconds.
[2026-01-05 11:05:37,207] INFO rq.worker: Cleaning registries for queue: chunks
[2026-01-05 11:05:37,207] INFO rq.worker: Cleaning registries for queue: quality_reports
[2026-01-05 11:05:37,208] INFO rq.worker: Cleaning registries for queue: notifications
[2026-01-05 11:05:37,208] INFO rq.worker: Cleaning registries for queue: annotation
[2026-01-05 11:05:37,209] DEBUG rq.worker: Dequeueing jobs on queues webhooks and timeout 405
[2026-01-05 11:05:37,210] DEBUG rq.worker: Dequeueing jobs on queues annotation and timeout 405
[2026-01-05 11:05:37,210] INFO rq.worker: Cleaning registries for queue: cleaning
[2026-01-05 11:05:37,205] DEBUG rq.worker: Sent heartbeat to prevent worker timeout. Next one should arrive in 480 seconds.
[2026-01-05 11:05:37,211] DEBUG rq.worker: Dequeueing jobs on queues export and timeout 405
[2026-01-05 11:05:37,211] DEBUG rq.worker: Sent heartbeat to prevent worker timeout. Next one should arrive in 480 seconds.
[2026-01-05 11:05:37,212] DEBUG rq.worker: Dequeueing jobs on queues chunks and timeout 405
[2026-01-05 11:05:37,212] DEBUG rq.worker: Dequeueing jobs on queues notifications,cleaning and timeout 405
[2026-01-05 11:05:37,212] DEBUG rq.worker: Dequeueing jobs on queues import and timeout 405
[2026-01-05 11:05:37,216] INFO rq.worker: Cleaning registries for queue: export
[2026-01-05 11:05:37,216] DEBUG rq.worker: Dequeueing jobs on queues quality_reports and timeout 405
[2026-01-05 11:05:37,216] DEBUG rq.worker: Dequeueing jobs on queues chunks and timeout 405
[2026-01-05 11:05:37,217] DEBUG rq.worker: Dequeueing jobs on queues import and timeout 405
[2026-01-05 11:05:37,218] DEBUG rq.worker: Dequeueing jobs on queues export and timeout 405
[2026-01-05 11:06:50,225] WARNING django.request: Not Found: /api/user-agreements
[2026-01-05 11:07:06,151] WARNING django.request: Not Found: /api/user-agreements
[2026-01-05 11:07:10,591] WARNING django.request: Not Found: /api/user-agreements
[2026-01-05 11:12:22,269] DEBUG rq.worker: Sent heartbeat to prevent worker timeout. Next one should arrive in 480 seconds.
[2026-01-05 11:12:22,277] DEBUG rq.worker: Dequeueing jobs on queues chunks and timeout 405
[2026-01-05 11:12:22,270] DEBUG rq.worker: Sent heartbeat to prevent worker timeout. Next one should arrive in 480 seconds.
[2026-01-05 11:12:22,269] DEBUG rq.worker: Sent heartbeat to prevent worker timeout. Next one should arrive in 480 seconds.
[2026-01-05 11:12:22,272] DEBUG rq.worker: Sent heartbeat to prevent worker timeout. Next one should arrive in 480 seconds.
[2026-01-05 11:12:22,277] DEBUG rq.worker: Dequeueing jobs on queues import and timeout 405
[2026-01-05 11:12:22,277] DEBUG rq.worker: Dequeueing jobs on queues import and timeout 405
[2026-01-05 11:12:22,272] DEBUG rq.worker: Sent heartbeat to prevent worker timeout. Next one should arrive in 480 seconds.
[2026-01-05 11:12:22,273] DEBUG rq.worker: Sent heartbeat to prevent worker timeout. Next one should arrive in 480 seconds.
[2026-01-05 11:12:22,278] DEBUG rq.worker: Dequeueing jobs on queues export and timeout 405
[2026-01-05 11:12:22,274] DEBUG rq.worker: Sent heartbeat to prevent worker timeout. Next one should arrive in 480 seconds.
[2026-01-05 11:12:22,278] DEBUG rq.worker: Dequeueing jobs on queues quality_reports and timeout 405
[2026-01-05 11:12:22,278] INFO rq.worker: Cleaning registries for queue: export
[2026-01-05 11:12:22,270] DEBUG rq.worker: Sent heartbeat to prevent worker timeout. Next one should arrive in 480 seconds.
[2026-01-05 11:12:22,278] DEBUG rq.worker: Dequeueing jobs on queues webhooks and timeout 405
[2026-01-05 11:12:22,278] DEBUG rq.worker: Dequeueing jobs on queues chunks and timeout 405
[2026-01-05 11:12:22,270] DEBUG rq.worker: Sent heartbeat to prevent worker timeout. Next one should arrive in 480 seconds.
[2026-01-05 11:12:22,279] DEBUG rq.worker: Dequeueing jobs on queues annotation and timeout 405
[2026-01-05 11:12:22,270] DEBUG rq.worker: Sent heartbeat to prevent worker timeout. Next one should arrive in 480 seconds.
[2026-01-05 11:12:22,279] DEBUG rq.worker: Dequeueing jobs on queues notifications,cleaning and timeout 405
[2026-01-05 11:12:22,275] DEBUG rq.worker: Sent heartbeat to prevent worker timeout. Next one should arrive in 480 seconds.
[2026-01-05 11:12:22,281] DEBUG rq.worker: Dequeueing jobs on queues export and timeout 405
[2026-01-05 11:12:22,282] INFO rq.worker: Cleaning registries for queue: consensus
[2026-01-05 11:12:22,288] DEBUG rq.worker: Dequeueing jobs on queues consensus and timeout 405
[2026-01-05 11:14:46,251] WARNING django.request: Not Found: /api/user-agreements
[2026-01-05 11:14:52,835] WARNING django.request: Not Found: /api/user-agreements
[2026-01-05 11:14:52,838] WARNING django.request: Unauthorized: /api/users/self
[2026-01-05 11:15:10,966] WARNING django.request: Unauthorized: /api/users/self
[2026-01-05 11:15:10,972] WARNING django.request: Not Found: /api/user-agreements
[2026-01-05 11:19:07,290] DEBUG rq.worker: Sent heartbeat to prevent worker timeout. Next one should arrive in 480 seconds.
[2026-01-05 11:19:07,294] INFO rq.worker: Cleaning registries for queue: webhooks
[2026-01-05 11:19:07,297] DEBUG rq.worker: Sent heartbeat to prevent worker timeout. Next one should arrive in 480 seconds.
[2026-01-05 11:19:07,297] DEBUG rq.worker: Sent heartbeat to prevent worker timeout. Next one should arrive in 480 seconds.
[2026-01-05 11:19:07,298] INFO rq.worker: Cleaning registries for queue: chunks
[2026-01-05 11:19:07,298] INFO rq.worker: Cleaning registries for queue: quality_reports
[2026-01-05 11:19:07,298] DEBUG rq.worker: Sent heartbeat to prevent worker timeout. Next one should arrive in 480 seconds.
[2026-01-05 11:19:07,299] INFO rq.worker: Cleaning registries for queue: export
[2026-01-05 11:19:07,301] DEBUG rq.worker: Dequeueing jobs on queues quality_reports and timeout 405
[2026-01-05 11:19:07,302] DEBUG rq.worker: Dequeueing jobs on queues export and timeout 405
[2026-01-05 11:19:07,296] DEBUG rq.worker: Sent heartbeat to prevent worker timeout. Next one should arrive in 480 seconds.
[2026-01-05 11:19:07,304] DEBUG rq.worker: Dequeueing jobs on queues chunks and timeout 405
[2026-01-05 11:19:07,302] DEBUG rq.worker: Sent heartbeat to prevent worker timeout. Next one should arrive in 480 seconds.
[2026-01-05 11:19:07,304] DEBUG rq.worker: Dequeueing jobs on queues consensus and timeout 405
[2026-01-05 11:19:07,298] DEBUG rq.worker: Sent heartbeat to prevent worker timeout. Next one should arrive in 480 seconds.
[2026-01-05 11:19:07,306] INFO rq.worker: Cleaning registries for queue: import
[2026-01-05 11:19:07,307] DEBUG rq.worker: Dequeueing jobs on queues webhooks and timeout 405
[2026-01-05 11:19:07,297] DEBUG rq.worker: Sent heartbeat to prevent worker timeout. Next one should arrive in 480 seconds.
[2026-01-05 11:19:07,309] INFO rq.worker: Cleaning registries for queue: notifications
[2026-01-05 11:19:07,311] DEBUG rq.worker: Dequeueing jobs on queues import and timeout 405
[2026-01-05 11:19:07,298] DEBUG rq.worker: Sent heartbeat to prevent worker timeout. Next one should arrive in 480 seconds.
[2026-01-05 11:19:07,312] DEBUG rq.worker: Dequeueing jobs on queues export and timeout 405
[2026-01-05 11:19:07,312] INFO rq.worker: Cleaning registries for queue: import
[2026-01-05 11:19:07,309] DEBUG rq.worker: Sent heartbeat to prevent worker timeout. Next one should arrive in 480 seconds.
[2026-01-05 11:19:07,313] INFO rq.worker: Cleaning registries for queue: annotation
[2026-01-05 11:19:07,315] DEBUG rq.worker: Dequeueing jobs on queues annotation and timeout 405
[2026-01-05 11:19:07,315] DEBUG rq.worker: Dequeueing jobs on queues import and timeout 405
[2026-01-05 11:19:07,316] INFO rq.worker: Cleaning registries for queue: cleaning
[2026-01-05 11:19:07,302] DEBUG rq.worker: Sent heartbeat to prevent worker timeout. Next one should arrive in 480 seconds.
[2026-01-05 11:19:07,317] INFO rq.worker: Cleaning registries for queue: chunks
[2026-01-05 11:19:07,317] DEBUG rq.worker: Dequeueing jobs on queues notifications,cleaning and timeout 405
[2026-01-05 11:19:07,320] DEBUG rq.worker: Dequeueing jobs on queues chunks and timeout 405
[2026-01-05 11:25:52,374] DEBUG rq.worker: Sent heartbeat to prevent worker timeout. Next one should arrive in 480 seconds.
[2026-01-05 11:25:52,374] DEBUG rq.worker: Sent heartbeat to prevent worker timeout. Next one should arrive in 480 seconds.
[2026-01-05 11:25:52,376] DEBUG rq.worker: Dequeueing jobs on queues notifications,cleaning and timeout 405
[2026-01-05 11:25:52,376] DEBUG rq.worker: Dequeueing jobs on queues quality_reports and timeout 405
[2026-01-05 11:25:52,375] DEBUG rq.worker: Sent heartbeat to prevent worker timeout. Next one should arrive in 480 seconds.
[2026-01-05 11:25:52,377] DEBUG rq.worker: Dequeueing jobs on queues import and timeout 405
[2026-01-05 11:25:52,375] DEBUG rq.worker: Sent heartbeat to prevent worker timeout. Next one should arrive in 480 seconds.
[2026-01-05 11:25:52,378] DEBUG rq.worker: Dequeueing jobs on queues annotation and timeout 405
[2026-01-05 11:25:52,379] DEBUG rq.worker: Sent heartbeat to prevent worker timeout. Next one should arrive in 480 seconds.
[2026-01-05 11:25:52,375] DEBUG rq.worker: Sent heartbeat to prevent worker timeout. Next one should arrive in 480 seconds.
[2026-01-05 11:25:52,382] DEBUG rq.worker: Sent heartbeat to prevent worker timeout. Next one should arrive in 480 seconds.
[2026-01-05 11:25:52,382] DEBUG rq.worker: Dequeueing jobs on queues webhooks and timeout 405
[2026-01-05 11:25:52,380] DEBUG rq.worker: Sent heartbeat to prevent worker timeout. Next one should arrive in 480 seconds.
[2026-01-05 11:25:52,380] DEBUG rq.worker: Sent heartbeat to prevent worker timeout. Next one should arrive in 480 seconds.
[2026-01-05 11:25:52,382] DEBUG rq.worker: Dequeueing jobs on queues chunks and timeout 405
[2026-01-05 11:25:52,384] DEBUG rq.worker: Dequeueing jobs on queues import and timeout 405
[2026-01-05 11:25:52,388] INFO rq.worker: Cleaning registries for queue: consensus
[2026-01-05 11:25:52,389] INFO rq.worker: Cleaning registries for queue: export
[2026-01-05 11:25:52,391] DEBUG rq.worker: Sent heartbeat to prevent worker timeout. Next one should arrive in 480 seconds.
[2026-01-05 11:25:52,391] DEBUG rq.worker: Dequeueing jobs on queues chunks and timeout 405
[2026-01-05 11:25:52,392] DEBUG rq.worker: Sent heartbeat to prevent worker timeout. Next one should arrive in 480 seconds.
[2026-01-05 11:25:52,393] DEBUG rq.worker: Dequeueing jobs on queues export and timeout 405
[2026-01-05 11:25:52,393] DEBUG rq.worker: Dequeueing jobs on queues consensus and timeout 405
[2026-01-05 11:25:52,395] DEBUG rq.worker: Dequeueing jobs on queues export and timeout 405
[2026-01-05 11:32:37,406] DEBUG rq.worker: Sent heartbeat to prevent worker timeout. Next one should arrive in 480 seconds.
[2026-01-05 11:32:37,405] DEBUG rq.worker: Sent heartbeat to prevent worker timeout. Next one should arrive in 480 seconds.
[2026-01-05 11:32:37,409] INFO rq.worker: Cleaning registries for queue: chunks
[2026-01-05 11:32:37,400] DEBUG rq.worker: Sent heartbeat to prevent worker timeout. Next one should arrive in 480 seconds.
[2026-01-05 11:32:37,416] INFO rq.worker: Cleaning registries for queue: notifications
[2026-01-05 11:32:37,405] DEBUG rq.worker: Sent heartbeat to prevent worker timeout. Next one should arrive in 480 seconds.
[2026-01-05 11:32:37,421] INFO rq.worker: Cleaning registries for queue: import
[2026-01-05 11:32:37,406] DEBUG rq.worker: Sent heartbeat to prevent worker timeout. Next one should arrive in 480 seconds.
[2026-01-05 11:32:37,408] DEBUG rq.worker: Sent heartbeat to prevent worker timeout. Next one should arrive in 480 seconds.
[2026-01-05 11:32:37,409] DEBUG rq.worker: Sent heartbeat to prevent worker timeout. Next one should arrive in 480 seconds.
[2026-01-05 11:32:37,426] DEBUG rq.worker: Dequeueing jobs on queues import and timeout 405
[2026-01-05 11:32:37,431] INFO rq.worker: Cleaning registries for queue: webhooks
[2026-01-05 11:32:37,417] DEBUG rq.worker: Sent heartbeat to prevent worker timeout. Next one should arrive in 480 seconds.
[2026-01-05 11:32:37,432] DEBUG rq.worker: Dequeueing jobs on queues consensus and timeout 405
[2026-01-05 11:32:37,418] DEBUG rq.worker: Sent heartbeat to prevent worker timeout. Next one should arrive in 480 seconds.
[2026-01-05 11:32:37,434] INFO rq.worker: Cleaning registries for queue: annotation
[2026-01-05 11:32:37,425] DEBUG rq.worker: Sent heartbeat to prevent worker timeout. Next one should arrive in 480 seconds.
[2026-01-05 11:32:37,438] DEBUG rq.worker: Dequeueing jobs on queues annotation and timeout 405
[2026-01-05 11:32:37,438] DEBUG rq.worker: Dequeueing jobs on queues export and timeout 405
[2026-01-05 11:32:37,439] INFO rq.worker: Cleaning registries for queue: quality_reports
[2026-01-05 11:32:37,440] DEBUG rq.worker: Sent heartbeat to prevent worker timeout. Next one should arrive in 480 seconds.
[2026-01-05 11:32:37,441] DEBUG rq.worker: Dequeueing jobs on queues chunks and timeout 405
[2026-01-05 11:32:37,442] INFO rq.worker: Cleaning registries for queue: export
[2026-01-05 11:32:37,444] DEBUG rq.worker: Dequeueing jobs on queues webhooks and timeout 405
[2026-01-05 11:32:37,445] DEBUG rq.worker: Dequeueing jobs on queues import and timeout 405
[2026-01-05 11:32:37,447] INFO rq.worker: Cleaning registries for queue: cleaning
[2026-01-05 11:32:37,448] DEBUG rq.worker: Dequeueing jobs on queues chunks and timeout 405
[2026-01-05 11:32:37,449] DEBUG rq.worker: Dequeueing jobs on queues export and timeout 405
[2026-01-05 11:32:37,449] DEBUG rq.worker: Dequeueing jobs on queues notifications,cleaning and timeout 405
[2026-01-05 11:32:37,451] DEBUG rq.worker: Dequeueing jobs on queues quality_reports and timeout 405
[2026-01-05 11:35:54,008] WARNING django.request: Unauthorized: /api/users/self
[2026-01-05 11:35:54,404] WARNING django.request: Not Found: /api/user-agreements
[2026-01-05 11:36:11,918] WARNING django.request: Bad Request: /api/auth/login
[2026-01-05 11:36:49,387] WARNING django.request: Bad Request: /api/auth/login
[2026-01-05 11:37:11,540] WARNING django.request: Bad Request: /api/auth/login
[2026-01-05 11:39:22,463] DEBUG rq.worker: Sent heartbeat to prevent worker timeout. Next one should arrive in 480 seconds.
[2026-01-05 11:39:22,464] DEBUG rq.worker: Dequeueing jobs on queues import and timeout 405
[2026-01-05 11:39:22,465] DEBUG rq.worker: Sent heartbeat to prevent worker timeout. Next one should arrive in 480 seconds.
[2026-01-05 11:39:22,466] DEBUG rq.worker: Dequeueing jobs on queues annotation and timeout 405
[2026-01-05 11:39:22,465] DEBUG rq.worker: Sent heartbeat to prevent worker timeout. Next one should arrive in 480 seconds.
[2026-01-05 11:39:22,466] DEBUG rq.worker: Sent heartbeat to prevent worker timeout. Next one should arrive in 480 seconds.
[2026-01-05 11:39:22,472] DEBUG rq.worker: Dequeueing jobs on queues notifications,cleaning and timeout 405
[2026-01-05 11:39:22,466] DEBUG rq.worker: Sent heartbeat to prevent worker timeout. Next one should arrive in 480 seconds.
[2026-01-05 11:39:22,473] DEBUG rq.worker: Dequeueing jobs on queues export and timeout 405
[2026-01-05 11:39:22,467] DEBUG rq.worker: Sent heartbeat to prevent worker timeout. Next one should arrive in 480 seconds.
[2026-01-05 11:39:22,467] DEBUG rq.worker: Sent heartbeat to prevent worker timeout. Next one should arrive in 480 seconds.
[2026-01-05 11:39:22,474] DEBUG rq.worker: Dequeueing jobs on queues chunks and timeout 405
[2026-01-05 11:39:22,475] DEBUG rq.worker: Dequeueing jobs on queues import and timeout 405
[2026-01-05 11:39:22,468] DEBUG rq.worker: Sent heartbeat to prevent worker timeout. Next one should arrive in 480 seconds.
[2026-01-05 11:39:22,468] DEBUG rq.worker: Sent heartbeat to prevent worker timeout. Next one should arrive in 480 seconds.
[2026-01-05 11:39:22,476] DEBUG rq.worker: Dequeueing jobs on queues quality_reports and timeout 405
[2026-01-05 11:39:22,476] DEBUG rq.worker: Dequeueing jobs on queues chunks and timeout 405
[2026-01-05 11:39:22,469] INFO rq.worker: Cleaning registries for queue: consensus
[2026-01-05 11:39:22,468] DEBUG rq.worker: Sent heartbeat to prevent worker timeout. Next one should arrive in 480 seconds.
[2026-01-05 11:39:22,481] DEBUG rq.worker: Sent heartbeat to prevent worker timeout. Next one should arrive in 480 seconds.
[2026-01-05 11:39:22,482] DEBUG rq.worker: Dequeueing jobs on queues webhooks and timeout 405
[2026-01-05 11:39:22,482] INFO rq.worker: Cleaning registries for queue: export
[2026-01-05 11:39:22,484] DEBUG rq.worker: Dequeueing jobs on queues consensus and timeout 405
[2026-01-05 11:39:22,487] DEBUG rq.worker: Dequeueing jobs on queues export and timeout 405
[2026-01-05 11:43:08,489] WARNING django.request: Bad Request: /api/auth/login
[2026-01-05 11:43:16,205] WARNING django.request: Unauthorized: /api/users/self
[2026-01-05 11:43:16,226] WARNING django.request: Not Found: /api/user-agreements
[2026-01-05 11:46:07,489] DEBUG rq.worker: Sent heartbeat to prevent worker timeout. Next one should arrive in 480 seconds.
[2026-01-05 11:46:07,489] DEBUG rq.worker: Sent heartbeat to prevent worker timeout. Next one should arrive in 480 seconds.
[2026-01-05 11:46:07,489] DEBUG rq.worker: Sent heartbeat to prevent worker timeout. Next one should arrive in 480 seconds.
[2026-01-05 11:46:07,489] DEBUG rq.worker: Sent heartbeat to prevent worker timeout. Next one should arrive in 480 seconds.
[2026-01-05 11:46:07,490] DEBUG rq.worker: Sent heartbeat to prevent worker timeout. Next one should arrive in 480 seconds.
[2026-01-05 11:46:07,491] INFO rq.worker: Cleaning registries for queue: import
[2026-01-05 11:46:07,490] DEBUG rq.worker: Sent heartbeat to prevent worker timeout. Next one should arrive in 480 seconds.
[2026-01-05 11:46:07,489] DEBUG rq.worker: Sent heartbeat to prevent worker timeout. Next one should arrive in 480 seconds.
[2026-01-05 11:46:07,490] DEBUG rq.worker: Sent heartbeat to prevent worker timeout. Next one should arrive in 480 seconds.
[2026-01-05 11:46:07,492] DEBUG rq.worker: Sent heartbeat to prevent worker timeout. Next one should arrive in 480 seconds.
[2026-01-05 11:46:07,491] DEBUG rq.worker: Sent heartbeat to prevent worker timeout. Next one should arrive in 480 seconds.
[2026-01-05 11:46:07,492] DEBUG rq.worker: Sent heartbeat to prevent worker timeout. Next one should arrive in 480 seconds.
[2026-01-05 11:46:07,492] DEBUG rq.worker: Dequeueing jobs on queues export and timeout 405
[2026-01-05 11:46:07,492] DEBUG rq.worker: Dequeueing jobs on queues consensus and timeout 405
[2026-01-05 11:46:07,492] INFO rq.worker: Cleaning registries for queue: export
[2026-01-05 11:46:07,493] INFO rq.worker: Cleaning registries for queue: quality_reports
[2026-01-05 11:46:07,493] DEBUG rq.worker: Dequeueing jobs on queues import and timeout 405
[2026-01-05 11:46:07,493] INFO rq.worker: Cleaning registries for queue: notifications
[2026-01-05 11:46:07,493] DEBUG rq.worker: Dequeueing jobs on queues chunks and timeout 405
[2026-01-05 11:46:07,493] INFO rq.worker: Cleaning registries for queue: webhooks
[2026-01-05 11:46:07,494] INFO rq.worker: Cleaning registries for queue: annotation
[2026-01-05 11:46:07,494] INFO rq.worker: Cleaning registries for queue: chunks
[2026-01-05 11:46:07,496] DEBUG rq.worker: Dequeueing jobs on queues import and timeout 405
[2026-01-05 11:46:07,498] DEBUG rq.worker: Dequeueing jobs on queues export and timeout 405
[2026-01-05 11:46:07,499] INFO rq.worker: Cleaning registries for queue: cleaning
[2026-01-05 11:46:07,500] DEBUG rq.worker: Dequeueing jobs on queues quality_reports and timeout 405
[2026-01-05 11:46:07,500] DEBUG rq.worker: Dequeueing jobs on queues webhooks and timeout 405
[2026-01-05 11:46:07,501] DEBUG rq.worker: Dequeueing jobs on queues annotation and timeout 405
[2026-01-05 11:46:07,502] DEBUG rq.worker: Dequeueing jobs on queues chunks and timeout 405
[2026-01-05 11:46:07,504] DEBUG rq.worker: Dequeueing jobs on queues notifications,cleaning and timeout 405
[2026-01-05 11:51:58,240] WARNING django.request: Not Found: /api/user-agreements
[2026-01-05 11:52:12,723] WARNING django.request: Not Found: /api/user-agreements
[2026-01-05 11:52:12,726] WARNING django.request: Unauthorized: /api/users/self
[2026-01-05 11:52:29,506] WARNING django.request: Not Found: /api/user-agreements
[2026-01-05 11:52:29,510] WARNING django.request: Unauthorized: /api/users/self
[2026-01-05 11:52:52,630] DEBUG rq.worker: Sent heartbeat to prevent worker timeout. Next one should arrive in 480 seconds.
[2026-01-05 11:52:52,630] DEBUG rq.worker: Sent heartbeat to prevent worker timeout. Next one should arrive in 480 seconds.
[2026-01-05 11:52:52,631] DEBUG rq.worker: Sent heartbeat to prevent worker timeout. Next one should arrive in 480 seconds.
[2026-01-05 11:52:52,631] DEBUG rq.worker: Dequeueing jobs on queues import and timeout 405
[2026-01-05 11:52:52,631] DEBUG rq.worker: Dequeueing jobs on queues import and timeout 405
[2026-01-05 11:52:52,631] DEBUG rq.worker: Dequeueing jobs on queues chunks and timeout 405
[2026-01-05 11:52:52,632] DEBUG rq.worker: Sent heartbeat to prevent worker timeout. Next one should arrive in 480 seconds.
[2026-01-05 11:52:52,632] DEBUG rq.worker: Sent heartbeat to prevent worker timeout. Next one should arrive in 480 seconds.
[2026-01-05 11:52:52,632] DEBUG rq.worker: Dequeueing jobs on queues chunks and timeout 405
[2026-01-05 11:52:52,632] DEBUG rq.worker: Sent heartbeat to prevent worker timeout. Next one should arrive in 480 seconds.
[2026-01-05 11:52:52,633] DEBUG rq.worker: Dequeueing jobs on queues quality_reports and timeout 405
[2026-01-05 11:52:52,634] INFO rq.worker: Cleaning registries for queue: export
[2026-01-05 11:52:52,634] DEBUG rq.worker: Sent heartbeat to prevent worker timeout. Next one should arrive in 480 seconds.
[2026-01-05 11:52:52,634] DEBUG rq.worker: Sent heartbeat to prevent worker timeout. Next one should arrive in 480 seconds.
[2026-01-05 11:52:52,634] DEBUG rq.worker: Dequeueing jobs on queues annotation and timeout 405
[2026-01-05 11:52:52,634] DEBUG rq.worker: Sent heartbeat to prevent worker timeout. Next one should arrive in 480 seconds.
[2026-01-05 11:52:52,635] DEBUG rq.worker: Dequeueing jobs on queues export and timeout 405
[2026-01-05 11:52:52,635] DEBUG rq.worker: Sent heartbeat to prevent worker timeout. Next one should arrive in 480 seconds.
[2026-01-05 11:52:52,635] DEBUG rq.worker: Dequeueing jobs on queues webhooks and timeout 405
[2026-01-05 11:52:52,636] DEBUG rq.worker: Sent heartbeat to prevent worker timeout. Next one should arrive in 480 seconds.
[2026-01-05 11:52:52,636] DEBUG rq.worker: Dequeueing jobs on queues notifications,cleaning and timeout 405
[2026-01-05 11:52:52,636] INFO rq.worker: Cleaning registries for queue: consensus
[2026-01-05 11:52:52,640] DEBUG rq.worker: Dequeueing jobs on queues export and timeout 405
[2026-01-05 11:52:52,643] DEBUG rq.worker: Dequeueing jobs on queues consensus and timeout 405
[2026-01-05 11:53:37,616] WARNING django.request: Not Found: /api/user-agreements
[2026-01-05 11:53:48,685] WARNING django.request: Not Found: /api/user-agreements
[2026-01-05 11:53:54,463] WARNING django.request: Not Found: /api/user-agreements
[2026-01-05 11:53:54,463] WARNING django.request: Unauthorized: /api/users/self
[2026-01-05 11:54:04,365] WARNING django.request: Not Found: /api/events
[2026-01-05 11:54:35,750] WARNING django.request: Not Found: /api/user-agreements
[2026-01-05 11:54:50,623] WARNING django.request: Not Found: /api/user-agreements
[2026-01-05 11:54:54,630] WARNING django.request: Not Found: /api/user-agreements
[2026-01-05 11:55:30,698] WARNING django.request: Not Found: /api/user-agreements
[2026-01-05 11:55:35,666] WARNING django.request: Not Found: /api/user-agreements
[2026-01-05 11:55:35,670] WARNING django.request: Unauthorized: /api/users/self
[2026-01-05 11:57:25,996] DEBUG rq.worker: Got signal SIGTERM
[2026-01-05 11:57:25,996] INFO rq.worker: Worker c8430f90c33640e69ea5a772e8ccb92a [PID 120]: warm shut down requested
[2026-01-05 11:57:25,997] DEBUG rq.worker: Registering death
[2026-01-05 11:57:26,012] DEBUG rq.worker: Got signal SIGTERM
[2026-01-05 11:57:26,013] DEBUG rq.worker: Got signal SIGTERM
[2026-01-05 11:57:26,013] INFO rq.worker: Worker f60f88803261444e834fd170803002eb [PID 121]: warm shut down requested
[2026-01-05 11:57:26,014] INFO rq.worker: Worker 9cb1cf736ad949e5b68d91155921f218 [PID 120]: warm shut down requested
[2026-01-05 11:57:26,018] DEBUG rq.worker: Registering death
[2026-01-05 11:57:26,018] DEBUG rq.worker: Registering death
[2026-01-05 11:57:26,019] INFO rq.worker: Unsubscribing from channel rq:pubsub:c8430f90c33640e69ea5a772e8ccb92a
[2026-01-05 11:57:26,023] INFO rq.worker: Unsubscribing from channel rq:pubsub:9cb1cf736ad949e5b68d91155921f218
[2026-01-05 11:57:26,025] DEBUG rq.worker: Got signal SIGTERM
[2026-01-05 11:57:26,025] DEBUG rq.worker: Got signal SIGTERM
[2026-01-05 11:57:26,026] INFO rq.worker: Unsubscribing from channel rq:pubsub:f60f88803261444e834fd170803002eb
[2026-01-05 11:57:26,026] INFO rq.worker: Worker ebb2381a8e75485c85a4feb8c7d8d6c5 [PID 121]: warm shut down requested
[2026-01-05 11:57:26,027] DEBUG rq.worker: Registering death
[2026-01-05 11:57:26,027] INFO rq.worker: Worker f2f71eca77d54a43bd29d34de69ff0b3 [PID 124]: warm shut down requested
[2026-01-05 11:57:26,026] DEBUG rq.worker: Got signal SIGTERM
[2026-01-05 11:57:26,027] DEBUG rq.worker: Got signal SIGTERM
[2026-01-05 11:57:26,028] DEBUG rq.worker: Got signal SIGTERM
[2026-01-05 11:57:26,028] DEBUG rq.worker: Got signal SIGTERM
[2026-01-05 11:57:26,028] DEBUG rq.worker: Registering death
[2026-01-05 11:57:26,028] INFO rq.worker: Worker 11935ed6e2d24f3ca2d11af7c5278b23 [PID 121]: warm shut down requested
[2026-01-05 11:57:26,028] INFO rq.worker: Worker 6ec8760ff1054fa3a76cc38f96ec4a5a [PID 121]: warm shut down requested
[2026-01-05 11:57:26,028] INFO rq.worker: Worker df9140beace949c1a5731db6f6105a71 [PID 123]: warm shut down requested
[2026-01-05 11:57:26,028] INFO rq.worker: Worker cdfea020b33340878f3d53fb0193a9fb [PID 122]: warm shut down requested
[2026-01-05 11:57:26,028] DEBUG rq.worker: Got signal SIGTERM
[2026-01-05 11:57:26,029] DEBUG rq.worker: Registering death
[2026-01-05 11:57:26,029] DEBUG rq.worker: Registering death
[2026-01-05 11:57:26,029] DEBUG rq.worker: Registering death
[2026-01-05 11:57:26,029] DEBUG rq.worker: Registering death
[2026-01-05 11:57:26,029] INFO rq.worker: Worker 0fdfac2d6c5849aab295d277f61f7b71 [PID 121]: warm shut down requested
[2026-01-05 11:57:26,029] DEBUG rq.worker: Got signal SIGTERM
[2026-01-05 11:57:26,030] INFO rq.worker: Worker acfa5c9a28c149be8c78178b810a6861 [PID 120]: warm shut down requested
[2026-01-05 11:57:26,030] DEBUG rq.worker: Registering death
[2026-01-05 11:57:26,031] DEBUG rq.worker: Registering death
[2026-01-05 11:57:26,032] INFO rq.worker: Unsubscribing from channel rq:pubsub:f2f71eca77d54a43bd29d34de69ff0b3
[2026-01-05 11:57:26,032] INFO rq.worker: Unsubscribing from channel rq:pubsub:cdfea020b33340878f3d53fb0193a9fb
[2026-01-05 11:57:26,033] INFO rq.worker: Unsubscribing from channel rq:pubsub:6ec8760ff1054fa3a76cc38f96ec4a5a
[2026-01-05 11:57:26,033] INFO rq.worker: Unsubscribing from channel rq:pubsub:ebb2381a8e75485c85a4feb8c7d8d6c5
[2026-01-05 11:57:26,035] INFO rq.worker: Unsubscribing from channel rq:pubsub:0fdfac2d6c5849aab295d277f61f7b71
[2026-01-05 11:57:26,035] INFO rq.worker: Unsubscribing from channel rq:pubsub:acfa5c9a28c149be8c78178b810a6861
[2026-01-05 11:57:26,035] INFO rq.worker: Unsubscribing from channel rq:pubsub:11935ed6e2d24f3ca2d11af7c5278b23
[2026-01-05 11:57:26,035] INFO rq.worker: Unsubscribing from channel rq:pubsub:df9140beace949c1a5731db6f6105a71
[2026-01-05 11:57:47,573] DEBUG rq.worker: Registering birth of worker d9e42fd45b33403b878ee684d6c3390c
[2026-01-05 11:57:47,576] INFO rq.worker: Worker rq:worker:d9e42fd45b33403b878ee684d6c3390c started with PID 122, version 1.16.0
[2026-01-05 11:57:47,577] INFO rq.worker: Subscribing to channel rq:pubsub:d9e42fd45b33403b878ee684d6c3390c
[2026-01-05 11:57:47,580] INFO rq.worker: *** Listening on import...
[2026-01-05 11:57:47,580] DEBUG rq.worker: Sent heartbeat to prevent worker timeout. Next one should arrive in 480 seconds.
[2026-01-05 11:57:47,582] INFO rq.worker: Cleaning registries for queue: import
[2026-01-05 11:57:47,585] DEBUG rq.worker: *** Listening on import...
[2026-01-05 11:57:47,586] DEBUG rq.worker: Sent heartbeat to prevent worker timeout. Next one should arrive in 480 seconds.
[2026-01-05 11:57:47,586] DEBUG rq.worker: Dequeueing jobs on queues import and timeout 405
[2026-01-05 11:57:47,605] DEBUG rq.worker: Registering birth of worker f60c285f412848caa440ebe0719417c5
[2026-01-05 11:57:47,609] INFO rq.worker: Worker rq:worker:f60c285f412848caa440ebe0719417c5 started with PID 120, version 1.16.0
[2026-01-05 11:57:47,609] INFO rq.worker: Subscribing to channel rq:pubsub:f60c285f412848caa440ebe0719417c5
[2026-01-05 11:57:47,612] INFO rq.worker: *** Listening on quality_reports...
[2026-01-05 11:57:47,612] DEBUG rq.worker: Sent heartbeat to prevent worker timeout. Next one should arrive in 480 seconds.
[2026-01-05 11:57:47,614] INFO rq.worker: Cleaning registries for queue: quality_reports
[2026-01-05 11:57:47,617] DEBUG rq.worker: *** Listening on quality_reports...
[2026-01-05 11:57:47,618] DEBUG rq.worker: Sent heartbeat to prevent worker timeout. Next one should arrive in 480 seconds.
[2026-01-05 11:57:47,618] DEBUG rq.worker: Dequeueing jobs on queues quality_reports and timeout 405
[2026-01-05 11:57:47,676] DEBUG rq.worker: Registering birth of worker 8b4c1d401f7e44289ca03ae403a5ce1f
[2026-01-05 11:57:47,679] INFO rq.worker: Worker rq:worker:8b4c1d401f7e44289ca03ae403a5ce1f started with PID 121, version 1.16.0
[2026-01-05 11:57:47,679] INFO rq.worker: Subscribing to channel rq:pubsub:8b4c1d401f7e44289ca03ae403a5ce1f
[2026-01-05 11:57:47,682] INFO rq.worker: *** Listening on chunks...
[2026-01-05 11:57:47,682] DEBUG rq.worker: Sent heartbeat to prevent worker timeout. Next one should arrive in 480 seconds.
[2026-01-05 11:57:47,684] INFO rq.worker: Cleaning registries for queue: chunks
[2026-01-05 11:57:47,687] DEBUG rq.worker: *** Listening on chunks...
[2026-01-05 11:57:47,688] DEBUG rq.worker: Sent heartbeat to prevent worker timeout. Next one should arrive in 480 seconds.
[2026-01-05 11:57:47,688] DEBUG rq.worker: Dequeueing jobs on queues chunks and timeout 405
[2026-01-05 11:57:47,730] DEBUG rq.worker: Registering birth of worker 911ce83313794b1686e9c46d5b83fbd9
[2026-01-05 11:57:47,733] INFO rq.worker: Worker rq:worker:911ce83313794b1686e9c46d5b83fbd9 started with PID 122, version 1.16.0
[2026-01-05 11:57:47,733] INFO rq.worker: Subscribing to channel rq:pubsub:911ce83313794b1686e9c46d5b83fbd9
[2026-01-05 11:57:47,736] INFO rq.worker: *** Listening on chunks...
[2026-01-05 11:57:47,736] DEBUG rq.worker: Sent heartbeat to prevent worker timeout. Next one should arrive in 480 seconds.
[2026-01-05 11:57:47,739] INFO rq.worker: Cleaning registries for queue: chunks
[2026-01-05 11:57:47,741] INFO rq_scheduler.scheduler: Registering birth
[2026-01-05 11:57:47,742] DEBUG rq.worker: *** Listening on chunks...
[2026-01-05 11:57:47,743] DEBUG rq.worker: Sent heartbeat to prevent worker timeout. Next one should arrive in 480 seconds.
[2026-01-05 11:57:47,744] DEBUG rq.worker: Dequeueing jobs on queues chunks and timeout 405
[2026-01-05 11:57:47,906] DEBUG rq.worker: Registering birth of worker c7a7e9b1326d477d9fd4787bb6971352
[2026-01-05 11:57:47,909] INFO rq.worker: Worker rq:worker:c7a7e9b1326d477d9fd4787bb6971352 started with PID 122, version 1.16.0
[2026-01-05 11:57:47,910] INFO rq.worker: Subscribing to channel rq:pubsub:c7a7e9b1326d477d9fd4787bb6971352
[2026-01-05 11:57:47,913] INFO rq.worker: *** Listening on notifications, cleaning...
[2026-01-05 11:57:47,915] DEBUG rq.worker: Sent heartbeat to prevent worker timeout. Next one should arrive in 480 seconds.
[2026-01-05 11:57:47,917] INFO rq.worker: Cleaning registries for queue: notifications
[2026-01-05 11:57:47,921] INFO rq.worker: Cleaning registries for queue: cleaning
[2026-01-05 11:57:47,925] DEBUG rq.worker: *** Listening on notifications,cleaning...
[2026-01-05 11:57:47,926] DEBUG rq.worker: Sent heartbeat to prevent worker timeout. Next one should arrive in 480 seconds.
[2026-01-05 11:57:47,926] DEBUG rq.worker: Dequeueing jobs on queues notifications,cleaning and timeout 405
[2026-01-05 11:57:47,939] DEBUG rq.worker: Registering birth of worker 0deb89e0dde2426697053c32f1419c44
[2026-01-05 11:57:47,939] DEBUG rq.worker: Registering birth of worker 2875734b1e9f44e88c4a519954656443
[2026-01-05 11:57:47,941] INFO rq.worker: Worker rq:worker:0deb89e0dde2426697053c32f1419c44 started with PID 123, version 1.16.0
[2026-01-05 11:57:47,942] INFO rq.worker: Subscribing to channel rq:pubsub:0deb89e0dde2426697053c32f1419c44
[2026-01-05 11:57:47,942] INFO rq.worker: Worker rq:worker:2875734b1e9f44e88c4a519954656443 started with PID 120, version 1.16.0
[2026-01-05 11:57:47,942] INFO rq.worker: Subscribing to channel rq:pubsub:2875734b1e9f44e88c4a519954656443
[2026-01-05 11:57:47,944] INFO rq.worker: *** Listening on import...
[2026-01-05 11:57:47,944] INFO rq.worker: *** Listening on consensus...
[2026-01-05 11:57:47,945] DEBUG rq.worker: Sent heartbeat to prevent worker timeout. Next one should arrive in 480 seconds.
[2026-01-05 11:57:47,945] DEBUG rq.worker: Sent heartbeat to prevent worker timeout. Next one should arrive in 480 seconds.
[2026-01-05 11:57:47,947] INFO rq.worker: Cleaning registries for queue: consensus
[2026-01-05 11:57:47,946] INFO rq.worker: Cleaning registries for queue: import
[2026-01-05 11:57:47,949] DEBUG rq.worker: *** Listening on import...
[2026-01-05 11:57:47,950] DEBUG rq.worker: *** Listening on consensus...
[2026-01-05 11:57:47,950] DEBUG rq.worker: Sent heartbeat to prevent worker timeout. Next one should arrive in 480 seconds.
[2026-01-05 11:57:47,951] DEBUG rq.worker: Sent heartbeat to prevent worker timeout. Next one should arrive in 480 seconds.
[2026-01-05 11:57:47,951] DEBUG rq.worker: Dequeueing jobs on queues import and timeout 405
[2026-01-05 11:57:47,951] DEBUG rq.worker: Dequeueing jobs on queues consensus and timeout 405
[2026-01-05 11:57:47,962] DEBUG rq.worker: Registering birth of worker 35565ef4fd22470e86142d31624fe7fe
[2026-01-05 11:57:47,964] INFO rq.worker: Worker rq:worker:35565ef4fd22470e86142d31624fe7fe started with PID 121, version 1.16.0
[2026-01-05 11:57:47,965] INFO rq.worker: Subscribing to channel rq:pubsub:35565ef4fd22470e86142d31624fe7fe
[2026-01-05 11:57:47,967] INFO rq.worker: *** Listening on annotation...
[2026-01-05 11:57:47,968] DEBUG rq.worker: Sent heartbeat to prevent worker timeout. Next one should arrive in 480 seconds.
[2026-01-05 11:57:47,969] INFO rq.worker: Cleaning registries for queue: annotation
[2026-01-05 11:57:47,969] DEBUG rq.worker: Registering birth of worker 2a8543dabd914985861221e7a8ec9015
[2026-01-05 11:57:47,971] INFO rq.worker: Worker rq:worker:2a8543dabd914985861221e7a8ec9015 started with PID 121, version 1.16.0
[2026-01-05 11:57:47,971] INFO rq.worker: Subscribing to channel rq:pubsub:2a8543dabd914985861221e7a8ec9015
[2026-01-05 11:57:47,972] DEBUG rq.worker: *** Listening on annotation...
[2026-01-05 11:57:47,973] DEBUG rq.worker: Sent heartbeat to prevent worker timeout. Next one should arrive in 480 seconds.
[2026-01-05 11:57:47,973] DEBUG rq.worker: Dequeueing jobs on queues annotation and timeout 405
[2026-01-05 11:57:47,974] INFO rq.worker: *** Listening on webhooks...
[2026-01-05 11:57:47,974] DEBUG rq.worker: Sent heartbeat to prevent worker timeout. Next one should arrive in 480 seconds.
[2026-01-05 11:57:47,976] INFO rq.worker: Cleaning registries for queue: webhooks
[2026-01-05 11:57:47,979] DEBUG rq.worker: *** Listening on webhooks...
[2026-01-05 11:57:47,979] DEBUG rq.worker: Sent heartbeat to prevent worker timeout. Next one should arrive in 480 seconds.
[2026-01-05 11:57:47,980] DEBUG rq.worker: Dequeueing jobs on queues webhooks and timeout 405
[2026-01-05 11:57:47,992] DEBUG rq.worker: Registering birth of worker f5654f3c815a4d7ab67a41eec67b2c12
[2026-01-05 11:57:47,994] INFO rq.worker: Worker rq:worker:f5654f3c815a4d7ab67a41eec67b2c12 started with PID 122, version 1.16.0
[2026-01-05 11:57:47,994] INFO rq.worker: Subscribing to channel rq:pubsub:f5654f3c815a4d7ab67a41eec67b2c12
[2026-01-05 11:57:47,997] INFO rq.worker: *** Listening on export...
[2026-01-05 11:57:47,997] DEBUG rq.worker: Sent heartbeat to prevent worker timeout. Next one should arrive in 480 seconds.
[2026-01-05 11:57:47,999] INFO rq.worker: Cleaning registries for queue: export
[2026-01-05 11:57:48,001] DEBUG rq.worker: *** Listening on export...
[2026-01-05 11:57:48,002] DEBUG rq.worker: Sent heartbeat to prevent worker timeout. Next one should arrive in 480 seconds.
[2026-01-05 11:57:48,003] DEBUG rq.worker: Dequeueing jobs on queues export and timeout 405
[2026-01-05 11:57:48,032] DEBUG rq.worker: Registering birth of worker 74a42e127e3a4cce84eaac91a2016350
[2026-01-05 11:57:48,034] INFO rq.worker: Worker rq:worker:74a42e127e3a4cce84eaac91a2016350 started with PID 121, version 1.16.0
[2026-01-05 11:57:48,034] INFO rq.worker: Subscribing to channel rq:pubsub:74a42e127e3a4cce84eaac91a2016350
[2026-01-05 11:57:48,036] INFO rq.worker: *** Listening on export...
[2026-01-05 11:57:48,036] DEBUG rq.worker: Sent heartbeat to prevent worker timeout. Next one should arrive in 480 seconds.
[2026-01-05 11:57:48,038] INFO rq.worker: Cleaning registries for queue: export
[2026-01-05 11:57:48,041] DEBUG rq.worker: *** Listening on export...
[2026-01-05 11:57:48,042] DEBUG rq.worker: Sent heartbeat to prevent worker timeout. Next one should arrive in 480 seconds.
[2026-01-05 11:57:48,042] DEBUG rq.worker: Dequeueing jobs on queues export and timeout 405
[2026-01-05 11:58:10,094] WARNING django.request: Unauthorized: /api/users/self
[2026-01-05 11:58:10,121] WARNING django.request: Not Found: /api/user-agreements
[2026-01-05 12:00:22,068] DEBUG rq.worker: Dequeued job cron_export_cache_directory_cleanup from cleaning
[2026-01-05 12:00:22,069] INFO rq.worker: cleaning: cvat.apps.dataset_manager.cron.cleanup_export_cache_directory() (cron_export_cache_directory_cleanup)
[2026-01-05 12:00:22,070] DEBUG rq.worker: Sent heartbeat to prevent worker timeout. Next one should arrive in 480 seconds.
[2026-01-05 12:00:22,097] DEBUG rq.worker: Started Job Registry set.
[2026-01-05 12:00:22,098] DEBUG rq.worker: Preparing for execution of Job ID cron_export_cache_directory_cleanup
[2026-01-05 12:00:22,098] DEBUG rq.worker: Sent heartbeat to prevent worker timeout. Next one should arrive in 90 seconds.
[2026-01-05 12:00:22,103] DEBUG rq.worker: Job preparation finished.
[2026-01-05 12:00:22,103] DEBUG rq.worker: Performing Job...
[2026-01-05 12:00:22,118] DEBUG cvat.apps.dataset_manager.cron: Export cache file 'job-1-annotations-instance1767610162.52557-cvat-for-images-11.zip' was recently accessed
[2026-01-05 12:00:22,123] DEBUG cvat.apps.dataset_manager.cron: Export cache file 'job-1-annotations-instance1767609877.402832-ultralytics-_yolo-_classification-10.zip' was recently accessed
[2026-01-05 12:00:22,125] INFO cvat.apps.dataset_manager.cron: The 'export cache directory cleanup' process has been successfully completed after 0 seconds. 0 elements have been removed
[2026-01-05 12:00:22,125] DEBUG rq.worker: Finished performing Job ID cron_export_cache_directory_cleanup
[2026-01-05 12:00:22,126] DEBUG rq.worker: Handling successful execution of job cron_export_cache_directory_cleanup
[2026-01-05 12:00:22,127] DEBUG rq.worker: Saving job cron_export_cache_directory_cleanup's successful execution result
[2026-01-05 12:00:22,128] DEBUG rq.worker: Removing job cron_export_cache_directory_cleanup from StartedJobRegistry
[2026-01-05 12:00:22,129] DEBUG rq.worker: Finished handling successful execution of job cron_export_cache_directory_cleanup
[2026-01-05 12:00:22,129] INFO rq.worker: cleaning: Job OK (cron_export_cache_directory_cleanup)
[2026-01-05 12:00:22,129] INFO rq.worker: Result will never expire, clean up result key manually
[2026-01-05 12:00:22,139] DEBUG rq.worker: Sent heartbeat to prevent worker timeout. Next one should arrive in 480 seconds.
[2026-01-05 12:00:22,139] DEBUG rq.worker: Sent heartbeat to prevent worker timeout. Next one should arrive in 480 seconds.
[2026-01-05 12:00:22,140] DEBUG rq.worker: *** Listening on notifications,cleaning...
[2026-01-05 12:00:22,141] DEBUG rq.worker: Sent heartbeat to prevent worker timeout. Next one should arrive in 480 seconds.
[2026-01-05 12:00:22,141] DEBUG rq.worker: Dequeueing jobs on queues notifications,cleaning and timeout 405
[2026-01-05 12:23:07,433] DEBUG rq.worker: Sent heartbeat to prevent worker timeout. Next one should arrive in 480 seconds.
[2026-01-05 12:23:07,434] DEBUG rq.worker: Sent heartbeat to prevent worker timeout. Next one should arrive in 480 seconds.
[2026-01-05 12:23:07,434] DEBUG rq.worker: Sent heartbeat to prevent worker timeout. Next one should arrive in 480 seconds.
[2026-01-05 12:23:07,434] DEBUG rq.worker: Sent heartbeat to prevent worker timeout. Next one should arrive in 480 seconds.
[2026-01-05 12:23:07,434] INFO rq.worker: Cleaning registries for queue: notifications
[2026-01-05 12:23:07,434] DEBUG rq.worker: Sent heartbeat to prevent worker timeout. Next one should arrive in 480 seconds.
[2026-01-05 12:23:07,434] DEBUG rq.worker: Sent heartbeat to prevent worker timeout. Next one should arrive in 480 seconds.
[2026-01-05 12:23:07,436] INFO rq.worker: Cleaning registries for queue: export
[2026-01-05 12:23:07,436] INFO rq.worker: Cleaning registries for queue: webhooks
[2026-01-05 12:23:07,434] DEBUG rq.worker: Sent heartbeat to prevent worker timeout. Next one should arrive in 480 seconds.
[2026-01-05 12:23:07,436] INFO rq.worker: Cleaning registries for queue: annotation
[2026-01-05 12:23:07,435] DEBUG rq.worker: Sent heartbeat to prevent worker timeout. Next one should arrive in 480 seconds.
[2026-01-05 12:23:07,436] INFO rq.worker: Cleaning registries for queue: chunks
[2026-01-05 12:23:07,437] INFO rq.worker: Cleaning registries for queue: import
[2026-01-05 12:23:07,437] INFO rq.worker: Cleaning registries for queue: consensus
[2026-01-05 12:23:07,437] DEBUG rq.worker: Dequeueing jobs on queues chunks and timeout 405
[2026-01-05 12:23:07,436] DEBUG rq.worker: Sent heartbeat to prevent worker timeout. Next one should arrive in 480 seconds.
[2026-01-05 12:23:07,439] INFO rq.worker: Cleaning registries for queue: cleaning
[2026-01-05 12:23:07,439] DEBUG rq.worker: Dequeueing jobs on queues export and timeout 405
[2026-01-05 12:23:07,439] DEBUG rq.worker: Dequeueing jobs on queues import and timeout 405
[2026-01-05 12:23:07,437] DEBUG rq.worker: Sent heartbeat to prevent worker timeout. Next one should arrive in 480 seconds.
[2026-01-05 12:23:07,436] DEBUG rq.worker: Sent heartbeat to prevent worker timeout. Next one should arrive in 480 seconds.
[2026-01-05 12:23:07,441] INFO rq.worker: Cleaning registries for queue: quality_reports
[2026-01-05 12:23:07,441] DEBUG rq.worker: Dequeueing jobs on queues import and timeout 405
[2026-01-05 12:23:07,441] INFO rq.worker: Cleaning registries for queue: export
[2026-01-05 12:23:07,441] DEBUG rq.worker: Dequeueing jobs on queues chunks and timeout 405
[2026-01-05 12:23:07,442] DEBUG rq.worker: Dequeueing jobs on queues consensus and timeout 405
[2026-01-05 12:23:07,442] DEBUG rq.worker: Dequeueing jobs on queues annotation and timeout 405
[2026-01-05 12:23:07,442] DEBUG rq.worker: Dequeueing jobs on queues notifications,cleaning and timeout 405
[2026-01-05 12:23:07,443] DEBUG rq.worker: Dequeueing jobs on queues webhooks and timeout 405
[2026-01-05 12:23:07,447] DEBUG rq.worker: Dequeueing jobs on queues export and timeout 405
[2026-01-05 12:23:07,448] DEBUG rq.worker: Dequeueing jobs on queues quality_reports and timeout 405
[2026-01-05 12:24:48,453] WARNING django.request: Unauthorized: /api/users/self
[2026-01-05 12:24:48,460] WARNING django.request: Not Found: /api/user-agreements
[2026-01-05 12:25:09,226] WARNING django.request: Not Found: /api/user-agreements
[2026-01-05 12:25:21,619] DEBUG rq.worker: Got signal SIGTERM
[2026-01-05 12:25:21,620] INFO rq.worker: Worker 2875734b1e9f44e88c4a519954656443 [PID 120]: warm shut down requested
[2026-01-05 12:25:21,620] DEBUG rq.worker: Got signal SIGTERM
[2026-01-05 12:25:21,621] DEBUG rq.worker: Got signal SIGTERM
[2026-01-05 12:25:21,621] INFO rq.worker: Worker c7a7e9b1326d477d9fd4787bb6971352 [PID 122]: warm shut down requested
[2026-01-05 12:25:21,621] DEBUG rq.worker: Registering death
[2026-01-05 12:25:21,622] DEBUG rq.worker: Registering death
[2026-01-05 12:25:21,623] INFO rq.worker: Worker f60c285f412848caa440ebe0719417c5 [PID 120]: warm shut down requested
[2026-01-05 12:25:21,624] DEBUG rq.worker: Registering death
[2026-01-05 12:25:21,631] DEBUG rq.worker: Got signal SIGTERM
[2026-01-05 12:25:21,631] DEBUG rq.worker: Got signal SIGTERM
[2026-01-05 12:25:21,631] INFO rq.worker: Worker 911ce83313794b1686e9c46d5b83fbd9 [PID 122]: warm shut down requested
[2026-01-05 12:25:21,631] INFO rq.worker: Worker 8b4c1d401f7e44289ca03ae403a5ce1f [PID 121]: warm shut down requested
[2026-01-05 12:25:21,631] DEBUG rq.worker: Got signal SIGTERM
[2026-01-05 12:25:21,632] INFO rq.worker: Worker 74a42e127e3a4cce84eaac91a2016350 [PID 121]: warm shut down requested
[2026-01-05 12:25:21,632] DEBUG rq.worker: Registering death
[2026-01-05 12:25:21,632] DEBUG rq.worker: Registering death
[2026-01-05 12:25:21,632] DEBUG rq.worker: Got signal SIGTERM
[2026-01-05 12:25:21,632] DEBUG rq.worker: Got signal SIGTERM
[2026-01-05 12:25:21,632] DEBUG rq.worker: Registering death
[2026-01-05 12:25:21,632] INFO rq.worker: Worker 0deb89e0dde2426697053c32f1419c44 [PID 123]: warm shut down requested
[2026-01-05 12:25:21,633] DEBUG rq.worker: Registering death
[2026-01-05 12:25:21,632] INFO rq.worker: Worker d9e42fd45b33403b878ee684d6c3390c [PID 122]: warm shut down requested
[2026-01-05 12:25:21,632] DEBUG rq.worker: Got signal SIGTERM
[2026-01-05 12:25:21,633] INFO rq.worker: Worker f5654f3c815a4d7ab67a41eec67b2c12 [PID 122]: warm shut down requested
[2026-01-05 12:25:21,633] DEBUG rq.worker: Registering death
[2026-01-05 12:25:21,634] DEBUG rq.worker: Registering death
[2026-01-05 12:25:21,656] INFO rq.worker: Unsubscribing from channel rq:pubsub:c7a7e9b1326d477d9fd4787bb6971352
[2026-01-05 12:25:21,657] INFO rq.worker: Unsubscribing from channel rq:pubsub:0deb89e0dde2426697053c32f1419c44
[2026-01-05 12:25:21,657] INFO rq.worker: Unsubscribing from channel rq:pubsub:f5654f3c815a4d7ab67a41eec67b2c12
[2026-01-05 12:25:21,657] INFO rq.worker: Unsubscribing from channel rq:pubsub:8b4c1d401f7e44289ca03ae403a5ce1f
[2026-01-05 12:25:21,657] INFO rq.worker: Unsubscribing from channel rq:pubsub:2875734b1e9f44e88c4a519954656443
[2026-01-05 12:25:21,657] INFO rq.worker: Unsubscribing from channel rq:pubsub:74a42e127e3a4cce84eaac91a2016350
[2026-01-05 12:25:21,657] INFO rq.worker: Unsubscribing from channel rq:pubsub:d9e42fd45b33403b878ee684d6c3390c
[2026-01-05 12:25:21,658] INFO rq.worker: Unsubscribing from channel rq:pubsub:911ce83313794b1686e9c46d5b83fbd9
[2026-01-05 12:25:21,657] INFO rq.worker: Unsubscribing from channel rq:pubsub:f60c285f412848caa440ebe0719417c5
[2026-01-05 12:25:21,663] DEBUG rq.worker: Got signal SIGTERM
[2026-01-05 12:25:21,664] INFO rq.worker: Worker 2a8543dabd914985861221e7a8ec9015 [PID 121]: warm shut down requested
[2026-01-05 12:25:21,665] DEBUG rq.worker: Registering death
[2026-01-05 12:25:21,666] DEBUG rq.worker: Got signal SIGTERM
[2026-01-05 12:25:21,667] INFO rq.worker: Worker 35565ef4fd22470e86142d31624fe7fe [PID 121]: warm shut down requested
[2026-01-05 12:25:21,668] DEBUG rq.worker: Registering death
[2026-01-05 12:25:21,668] INFO rq.worker: Unsubscribing from channel rq:pubsub:2a8543dabd914985861221e7a8ec9015
[2026-01-05 12:25:21,671] INFO rq.worker: Unsubscribing from channel rq:pubsub:35565ef4fd22470e86142d31624fe7fe
[2026-01-05 12:25:43,247] INFO rq_scheduler.scheduler: Registering birth
[2026-01-05 12:25:43,398] DEBUG rq.worker: Registering birth of worker c3ef360d5dde4b19a50d8ba92c9106d9
[2026-01-05 12:25:43,405] INFO rq.worker: Worker rq:worker:c3ef360d5dde4b19a50d8ba92c9106d9 started with PID 120, version 1.16.0
[2026-01-05 12:25:43,405] INFO rq.worker: Subscribing to channel rq:pubsub:c3ef360d5dde4b19a50d8ba92c9106d9
[2026-01-05 12:25:43,409] INFO rq.worker: *** Listening on quality_reports...
[2026-01-05 12:25:43,409] DEBUG rq.worker: Sent heartbeat to prevent worker timeout. Next one should arrive in 480 seconds.
[2026-01-05 12:25:43,413] INFO rq.worker: Cleaning registries for queue: quality_reports
[2026-01-05 12:25:43,426] DEBUG rq.worker: *** Listening on quality_reports...
[2026-01-05 12:25:43,427] DEBUG rq.worker: Sent heartbeat to prevent worker timeout. Next one should arrive in 480 seconds.
[2026-01-05 12:25:43,428] DEBUG rq.worker: Dequeueing jobs on queues quality_reports and timeout 405
[2026-01-05 12:25:43,470] DEBUG rq.worker: Registering birth of worker 7c23cebcd84e4346a7d341eb3c994006
[2026-01-05 12:25:43,474] INFO rq.worker: Worker rq:worker:7c23cebcd84e4346a7d341eb3c994006 started with PID 122, version 1.16.0
[2026-01-05 12:25:43,474] INFO rq.worker: Subscribing to channel rq:pubsub:7c23cebcd84e4346a7d341eb3c994006
[2026-01-05 12:25:43,477] INFO rq.worker: *** Listening on chunks...
[2026-01-05 12:25:43,478] DEBUG rq.worker: Sent heartbeat to prevent worker timeout. Next one should arrive in 480 seconds.
[2026-01-05 12:25:43,480] INFO rq.worker: Cleaning registries for queue: chunks
[2026-01-05 12:25:43,483] DEBUG rq.worker: *** Listening on chunks...
[2026-01-05 12:25:43,484] DEBUG rq.worker: Sent heartbeat to prevent worker timeout. Next one should arrive in 480 seconds.
[2026-01-05 12:25:43,484] DEBUG rq.worker: Dequeueing jobs on queues chunks and timeout 405
[2026-01-05 12:25:43,541] DEBUG rq.worker: Registering birth of worker adb9460b4349411d9634d2f6f8b02535
[2026-01-05 12:25:43,543] INFO rq.worker: Worker rq:worker:adb9460b4349411d9634d2f6f8b02535 started with PID 120, version 1.16.0
[2026-01-05 12:25:43,544] INFO rq.worker: Subscribing to channel rq:pubsub:adb9460b4349411d9634d2f6f8b02535
[2026-01-05 12:25:43,547] INFO rq.worker: *** Listening on consensus...
[2026-01-05 12:25:43,548] DEBUG rq.worker: Sent heartbeat to prevent worker timeout. Next one should arrive in 480 seconds.
[2026-01-05 12:25:43,550] INFO rq.worker: Cleaning registries for queue: consensus
[2026-01-05 12:25:43,554] DEBUG rq.worker: *** Listening on consensus...
[2026-01-05 12:25:43,556] DEBUG rq.worker: Sent heartbeat to prevent worker timeout. Next one should arrive in 480 seconds.
[2026-01-05 12:25:43,556] DEBUG rq.worker: Dequeueing jobs on queues consensus and timeout 405
[2026-01-05 12:25:43,584] DEBUG rq.worker: Registering birth of worker b3fa426f9c9d48759e9ea7f8c124ff73
[2026-01-05 12:25:43,588] INFO rq.worker: Worker rq:worker:b3fa426f9c9d48759e9ea7f8c124ff73 started with PID 122, version 1.16.0
[2026-01-05 12:25:43,588] INFO rq.worker: Subscribing to channel rq:pubsub:b3fa426f9c9d48759e9ea7f8c124ff73
[2026-01-05 12:25:43,591] INFO rq.worker: *** Listening on notifications, cleaning...
[2026-01-05 12:25:43,591] DEBUG rq.worker: Sent heartbeat to prevent worker timeout. Next one should arrive in 480 seconds.
[2026-01-05 12:25:43,593] INFO rq.worker: Cleaning registries for queue: notifications
[2026-01-05 12:25:43,597] INFO rq.worker: Cleaning registries for queue: cleaning
[2026-01-05 12:25:43,601] DEBUG rq.worker: *** Listening on notifications,cleaning...
[2026-01-05 12:25:43,602] DEBUG rq.worker: Sent heartbeat to prevent worker timeout. Next one should arrive in 480 seconds.
[2026-01-05 12:25:43,602] DEBUG rq.worker: Dequeueing jobs on queues notifications,cleaning and timeout 405
[2026-01-05 12:25:43,601] DEBUG rq.worker: Registering birth of worker 5058fda21bab4ce3ac9855743b7bc4ee
[2026-01-05 12:25:43,607] INFO rq.worker: Worker rq:worker:5058fda21bab4ce3ac9855743b7bc4ee started with PID 122, version 1.16.0
[2026-01-05 12:25:43,607] INFO rq.worker: Subscribing to channel rq:pubsub:5058fda21bab4ce3ac9855743b7bc4ee
[2026-01-05 12:25:43,610] INFO rq.worker: *** Listening on import...
[2026-01-05 12:25:43,610] DEBUG rq.worker: Sent heartbeat to prevent worker timeout. Next one should arrive in 480 seconds.
[2026-01-05 12:25:43,612] INFO rq.worker: Cleaning registries for queue: import
[2026-01-05 12:25:43,615] DEBUG rq.worker: *** Listening on import...
[2026-01-05 12:25:43,616] DEBUG rq.worker: Sent heartbeat to prevent worker timeout. Next one should arrive in 480 seconds.
[2026-01-05 12:25:43,617] DEBUG rq.worker: Dequeueing jobs on queues import and timeout 405
[2026-01-05 12:25:43,675] DEBUG rq.worker: Registering birth of worker 68c76a5420424e8587b51f7a3440979d
[2026-01-05 12:25:43,677] INFO rq.worker: Worker rq:worker:68c76a5420424e8587b51f7a3440979d started with PID 121, version 1.16.0
[2026-01-05 12:25:43,677] INFO rq.worker: Subscribing to channel rq:pubsub:68c76a5420424e8587b51f7a3440979d
[2026-01-05 12:25:43,679] INFO rq.worker: *** Listening on export...
[2026-01-05 12:25:43,680] DEBUG rq.worker: Sent heartbeat to prevent worker timeout. Next one should arrive in 480 seconds.
[2026-01-05 12:25:43,681] INFO rq.worker: Cleaning registries for queue: export
[2026-01-05 12:25:43,684] DEBUG rq.worker: *** Listening on export...
[2026-01-05 12:25:43,684] DEBUG rq.worker: Sent heartbeat to prevent worker timeout. Next one should arrive in 480 seconds.
[2026-01-05 12:25:43,685] DEBUG rq.worker: Dequeueing jobs on queues export and timeout 405
[2026-01-05 12:25:43,704] DEBUG rq.worker: Registering birth of worker a5401418353149be9c05effeb8aff073
[2026-01-05 12:25:43,706] INFO rq.worker: Worker rq:worker:a5401418353149be9c05effeb8aff073 started with PID 123, version 1.16.0
[2026-01-05 12:25:43,707] INFO rq.worker: Subscribing to channel rq:pubsub:a5401418353149be9c05effeb8aff073
[2026-01-05 12:25:43,709] INFO rq.worker: *** Listening on import...
[2026-01-05 12:25:43,709] DEBUG rq.worker: Sent heartbeat to prevent worker timeout. Next one should arrive in 480 seconds.
[2026-01-05 12:25:43,710] INFO rq.worker: Cleaning registries for queue: import
[2026-01-05 12:25:43,713] DEBUG rq.worker: *** Listening on import...
[2026-01-05 12:25:43,714] DEBUG rq.worker: Sent heartbeat to prevent worker timeout. Next one should arrive in 480 seconds.
[2026-01-05 12:25:43,714] DEBUG rq.worker: Dequeueing jobs on queues import and timeout 405
[2026-01-05 12:25:43,729] DEBUG rq.worker: Registering birth of worker 6af48cb8d25341c7a7aecfb8d80d9696
[2026-01-05 12:25:43,732] INFO rq.worker: Worker rq:worker:6af48cb8d25341c7a7aecfb8d80d9696 started with PID 121, version 1.16.0
[2026-01-05 12:25:43,733] INFO rq.worker: Subscribing to channel rq:pubsub:6af48cb8d25341c7a7aecfb8d80d9696
[2026-01-05 12:25:43,736] INFO rq.worker: *** Listening on webhooks...
[2026-01-05 12:25:43,736] DEBUG rq.worker: Sent heartbeat to prevent worker timeout. Next one should arrive in 480 seconds.
[2026-01-05 12:25:43,738] INFO rq.worker: Cleaning registries for queue: webhooks
[2026-01-05 12:25:43,741] DEBUG rq.worker: *** Listening on webhooks...
[2026-01-05 12:25:43,741] DEBUG rq.worker: Sent heartbeat to prevent worker timeout. Next one should arrive in 480 seconds.
[2026-01-05 12:25:43,742] DEBUG rq.worker: Dequeueing jobs on queues webhooks and timeout 405
[2026-01-05 12:25:43,797] DEBUG rq.worker: Registering birth of worker 434268b94c50431cb67ad83c23bc1a14
[2026-01-05 12:25:43,800] INFO rq.worker: Worker rq:worker:434268b94c50431cb67ad83c23bc1a14 started with PID 121, version 1.16.0
[2026-01-05 12:25:43,800] INFO rq.worker: Subscribing to channel rq:pubsub:434268b94c50431cb67ad83c23bc1a14
[2026-01-05 12:25:43,811] INFO rq.worker: *** Listening on chunks...
[2026-01-05 12:25:43,812] DEBUG rq.worker: Sent heartbeat to prevent worker timeout. Next one should arrive in 480 seconds.
[2026-01-05 12:25:43,814] INFO rq.worker: Cleaning registries for queue: chunks
[2026-01-05 12:25:43,816] DEBUG rq.worker: *** Listening on chunks...
[2026-01-05 12:25:43,817] DEBUG rq.worker: Sent heartbeat to prevent worker timeout. Next one should arrive in 480 seconds.
[2026-01-05 12:25:43,817] DEBUG rq.worker: Dequeueing jobs on queues chunks and timeout 405
[2026-01-05 12:25:43,864] DEBUG rq.worker: Registering birth of worker ba33818fd8b34bbb8d7764be151fd7f1
[2026-01-05 12:25:43,867] INFO rq.worker: Worker rq:worker:ba33818fd8b34bbb8d7764be151fd7f1 started with PID 122, version 1.16.0
[2026-01-05 12:25:43,867] INFO rq.worker: Subscribing to channel rq:pubsub:ba33818fd8b34bbb8d7764be151fd7f1
[2026-01-05 12:25:43,873] INFO rq.worker: *** Listening on export...
[2026-01-05 12:25:43,873] DEBUG rq.worker: Sent heartbeat to prevent worker timeout. Next one should arrive in 480 seconds.
[2026-01-05 12:25:43,876] INFO rq.worker: Cleaning registries for queue: export
[2026-01-05 12:25:43,878] DEBUG rq.worker: *** Listening on export...
[2026-01-05 12:25:43,879] DEBUG rq.worker: Sent heartbeat to prevent worker timeout. Next one should arrive in 480 seconds.
[2026-01-05 12:25:43,879] DEBUG rq.worker: Dequeueing jobs on queues export and timeout 405
[2026-01-05 12:25:43,901] DEBUG rq.worker: Registering birth of worker 8acd29a569fd4017bfff2bd8bc373edc
[2026-01-05 12:25:43,903] INFO rq.worker: Worker rq:worker:8acd29a569fd4017bfff2bd8bc373edc started with PID 120, version 1.16.0
[2026-01-05 12:25:43,903] INFO rq.worker: Subscribing to channel rq:pubsub:8acd29a569fd4017bfff2bd8bc373edc
[2026-01-05 12:25:43,905] INFO rq.worker: *** Listening on annotation...
[2026-01-05 12:25:43,906] DEBUG rq.worker: Sent heartbeat to prevent worker timeout. Next one should arrive in 480 seconds.
[2026-01-05 12:25:43,907] INFO rq.worker: Cleaning registries for queue: annotation
[2026-01-05 12:25:43,910] DEBUG rq.worker: *** Listening on annotation...
[2026-01-05 12:25:43,910] DEBUG rq.worker: Sent heartbeat to prevent worker timeout. Next one should arrive in 480 seconds.
[2026-01-05 12:25:43,911] DEBUG rq.worker: Dequeueing jobs on queues annotation and timeout 405
[2026-01-05 12:26:03,995] WARNING django.request: Unauthorized: /api/users/self
[2026-01-05 12:26:04,007] WARNING django.request: Not Found: /api/user-agreements
[2026-01-05 12:26:10,104] WARNING django.request: Not Found: /api/user-agreements
[2026-01-05 12:26:10,103] WARNING django.request: Unauthorized: /api/users/self
[2026-01-05 12:26:23,702] WARNING django.request: Not Found: /api/user-agreements
[2026-01-05 12:30:35,835] DEBUG rq.worker: Got signal SIGTERM
[2026-01-05 12:30:35,837] INFO rq.worker: Worker c3ef360d5dde4b19a50d8ba92c9106d9 [PID 120]: warm shut down requested
[2026-01-05 12:30:35,838] DEBUG rq.worker: Registering death
[2026-01-05 12:30:35,845] INFO rq.worker: Unsubscribing from channel rq:pubsub:c3ef360d5dde4b19a50d8ba92c9106d9
[2026-01-05 12:30:35,959] DEBUG rq.worker: Got signal SIGTERM
[2026-01-05 12:30:35,960] INFO rq.worker: Worker adb9460b4349411d9634d2f6f8b02535 [PID 120]: warm shut down requested
[2026-01-05 12:30:35,962] DEBUG rq.worker: Registering death
[2026-01-05 12:30:35,974] INFO rq.worker: Unsubscribing from channel rq:pubsub:adb9460b4349411d9634d2f6f8b02535
[2026-01-05 12:30:36,034] DEBUG rq.worker: Got signal SIGTERM
[2026-01-05 12:30:36,035] INFO rq.worker: Worker b3fa426f9c9d48759e9ea7f8c124ff73 [PID 122]: warm shut down requested
[2026-01-05 12:30:36,036] DEBUG rq.worker: Registering death
[2026-01-05 12:30:36,043] INFO rq.worker: Unsubscribing from channel rq:pubsub:b3fa426f9c9d48759e9ea7f8c124ff73
[2026-01-05 12:30:36,119] DEBUG rq.worker: Got signal SIGTERM
[2026-01-05 12:30:36,121] INFO rq.worker: Worker a5401418353149be9c05effeb8aff073 [PID 123]: warm shut down requested
[2026-01-05 12:30:36,119] DEBUG rq.worker: Got signal SIGTERM
[2026-01-05 12:30:36,122] INFO rq.worker: Worker 5058fda21bab4ce3ac9855743b7bc4ee [PID 122]: warm shut down requested
[2026-01-05 12:30:36,122] DEBUG rq.worker: Registering death
[2026-01-05 12:30:36,123] DEBUG rq.worker: Registering death
[2026-01-05 12:30:36,129] INFO rq.worker: Unsubscribing from channel rq:pubsub:5058fda21bab4ce3ac9855743b7bc4ee
[2026-01-05 12:30:36,129] INFO rq.worker: Unsubscribing from channel rq:pubsub:a5401418353149be9c05effeb8aff073
[2026-01-05 12:30:36,171] DEBUG rq.worker: Got signal SIGTERM
[2026-01-05 12:30:36,172] INFO rq.worker: Worker 6af48cb8d25341c7a7aecfb8d80d9696 [PID 121]: warm shut down requested
[2026-01-05 12:30:36,183] DEBUG rq.worker: Registering death
[2026-01-05 12:30:36,188] INFO rq.worker: Unsubscribing from channel rq:pubsub:6af48cb8d25341c7a7aecfb8d80d9696
[2026-01-05 12:30:36,234] DEBUG rq.worker: Got signal SIGTERM
[2026-01-05 12:30:36,236] INFO rq.worker: Worker 7c23cebcd84e4346a7d341eb3c994006 [PID 122]: warm shut down requested
[2026-01-05 12:30:36,237] DEBUG rq.worker: Registering death
[2026-01-05 12:30:36,237] DEBUG rq.worker: Got signal SIGTERM
[2026-01-05 12:30:36,239] INFO rq.worker: Worker 434268b94c50431cb67ad83c23bc1a14 [PID 121]: warm shut down requested
[2026-01-05 12:30:36,240] DEBUG rq.worker: Registering death
[2026-01-05 12:30:36,242] INFO rq.worker: Unsubscribing from channel rq:pubsub:7c23cebcd84e4346a7d341eb3c994006
[2026-01-05 12:30:36,245] INFO rq.worker: Unsubscribing from channel rq:pubsub:434268b94c50431cb67ad83c23bc1a14
[2026-01-05 12:30:36,300] DEBUG rq.worker: Got signal SIGTERM
[2026-01-05 12:30:36,302] INFO rq.worker: Worker ba33818fd8b34bbb8d7764be151fd7f1 [PID 122]: warm shut down requested
[2026-01-05 12:30:36,301] DEBUG rq.worker: Got signal SIGTERM
[2026-01-05 12:30:36,303] INFO rq.worker: Worker 68c76a5420424e8587b51f7a3440979d [PID 121]: warm shut down requested
[2026-01-05 12:30:36,303] DEBUG rq.worker: Registering death
[2026-01-05 12:30:36,304] DEBUG rq.worker: Registering death
[2026-01-05 12:30:36,306] INFO rq.worker: Unsubscribing from channel rq:pubsub:ba33818fd8b34bbb8d7764be151fd7f1
[2026-01-05 12:30:36,308] INFO rq.worker: Unsubscribing from channel rq:pubsub:68c76a5420424e8587b51f7a3440979d
[2026-01-05 12:30:36,313] DEBUG rq.worker: Got signal SIGTERM
[2026-01-05 12:30:36,318] INFO rq.worker: Worker 8acd29a569fd4017bfff2bd8bc373edc [PID 120]: warm shut down requested
[2026-01-05 12:30:36,319] DEBUG rq.worker: Registering death
[2026-01-05 12:30:36,325] INFO rq.worker: Unsubscribing from channel rq:pubsub:8acd29a569fd4017bfff2bd8bc373edc
[2026-01-05 12:30:57,383] DEBUG rq.worker: Registering birth of worker b7bc0f88cea2452c89620639688c0447
[2026-01-05 12:30:57,386] INFO rq.worker: Worker rq:worker:b7bc0f88cea2452c89620639688c0447 started with PID 121, version 1.16.0
[2026-01-05 12:30:57,387] INFO rq.worker: Subscribing to channel rq:pubsub:b7bc0f88cea2452c89620639688c0447
[2026-01-05 12:30:57,390] INFO rq.worker: *** Listening on chunks...
[2026-01-05 12:30:57,390] DEBUG rq.worker: Sent heartbeat to prevent worker timeout. Next one should arrive in 480 seconds.
[2026-01-05 12:30:57,392] INFO rq.worker: Cleaning registries for queue: chunks
[2026-01-05 12:30:57,395] DEBUG rq.worker: *** Listening on chunks...
[2026-01-05 12:30:57,397] DEBUG rq.worker: Sent heartbeat to prevent worker timeout. Next one should arrive in 480 seconds.
[2026-01-05 12:30:57,397] DEBUG rq.worker: Dequeueing jobs on queues chunks and timeout 405
[2026-01-05 12:30:57,407] DEBUG rq.worker: Registering birth of worker fe3cb196f22740fe83940c12c92b98ec
[2026-01-05 12:30:57,411] INFO rq.worker: Worker rq:worker:fe3cb196f22740fe83940c12c92b98ec started with PID 122, version 1.16.0
[2026-01-05 12:30:57,411] INFO rq.worker: Subscribing to channel rq:pubsub:fe3cb196f22740fe83940c12c92b98ec
[2026-01-05 12:30:57,414] INFO rq.worker: *** Listening on chunks...
[2026-01-05 12:30:57,415] DEBUG rq.worker: Sent heartbeat to prevent worker timeout. Next one should arrive in 480 seconds.
[2026-01-05 12:30:57,416] INFO rq.worker: Cleaning registries for queue: chunks
[2026-01-05 12:30:57,423] DEBUG rq.worker: *** Listening on chunks...
[2026-01-05 12:30:57,424] DEBUG rq.worker: Sent heartbeat to prevent worker timeout. Next one should arrive in 480 seconds.
[2026-01-05 12:30:57,425] DEBUG rq.worker: Dequeueing jobs on queues chunks and timeout 405
[2026-01-05 12:30:57,676] DEBUG rq.worker: Registering birth of worker a1cc5b83bb7f439fa1d25293ee42c64b
[2026-01-05 12:30:57,678] INFO rq.worker: Worker rq:worker:a1cc5b83bb7f439fa1d25293ee42c64b started with PID 122, version 1.16.0
[2026-01-05 12:30:57,679] INFO rq.worker: Subscribing to channel rq:pubsub:a1cc5b83bb7f439fa1d25293ee42c64b
[2026-01-05 12:30:57,681] INFO rq.worker: *** Listening on import...
[2026-01-05 12:30:57,682] DEBUG rq.worker: Sent heartbeat to prevent worker timeout. Next one should arrive in 480 seconds.
[2026-01-05 12:30:57,684] INFO rq.worker: Cleaning registries for queue: import
[2026-01-05 12:30:57,687] DEBUG rq.worker: *** Listening on import...
[2026-01-05 12:30:57,688] DEBUG rq.worker: Sent heartbeat to prevent worker timeout. Next one should arrive in 480 seconds.
[2026-01-05 12:30:57,689] DEBUG rq.worker: Dequeueing jobs on queues import and timeout 405
[2026-01-05 12:30:58,030] INFO rq_scheduler.scheduler: Registering birth
[2026-01-05 12:30:58,065] DEBUG rq.worker: Registering birth of worker 2c7f5b916cde4b6287a6502b7a8ee51b
[2026-01-05 12:30:58,067] INFO rq.worker: Worker rq:worker:2c7f5b916cde4b6287a6502b7a8ee51b started with PID 120, version 1.16.0
[2026-01-05 12:30:58,067] INFO rq.worker: Subscribing to channel rq:pubsub:2c7f5b916cde4b6287a6502b7a8ee51b
[2026-01-05 12:30:58,070] INFO rq.worker: *** Listening on webhooks...
[2026-01-05 12:30:58,070] DEBUG rq.worker: Sent heartbeat to prevent worker timeout. Next one should arrive in 480 seconds.
[2026-01-05 12:30:58,072] INFO rq.worker: Cleaning registries for queue: webhooks
[2026-01-05 12:30:58,075] DEBUG rq.worker: *** Listening on webhooks...
[2026-01-05 12:30:58,076] DEBUG rq.worker: Sent heartbeat to prevent worker timeout. Next one should arrive in 480 seconds.
[2026-01-05 12:30:58,076] DEBUG rq.worker: Dequeueing jobs on queues webhooks and timeout 405
[2026-01-05 12:30:58,156] DEBUG rq.worker: Registering birth of worker 181369db38f5425e91608606fd06e7e6
[2026-01-05 12:30:58,158] INFO rq.worker: Worker rq:worker:181369db38f5425e91608606fd06e7e6 started with PID 120, version 1.16.0
[2026-01-05 12:30:58,158] INFO rq.worker: Subscribing to channel rq:pubsub:181369db38f5425e91608606fd06e7e6
[2026-01-05 12:30:58,160] INFO rq.worker: *** Listening on consensus...
[2026-01-05 12:30:58,160] DEBUG rq.worker: Sent heartbeat to prevent worker timeout. Next one should arrive in 480 seconds.
[2026-01-05 12:30:58,162] INFO rq.worker: Cleaning registries for queue: consensus
[2026-01-05 12:30:58,164] DEBUG rq.worker: *** Listening on consensus...
[2026-01-05 12:30:58,165] DEBUG rq.worker: Sent heartbeat to prevent worker timeout. Next one should arrive in 480 seconds.
[2026-01-05 12:30:58,165] DEBUG rq.worker: Dequeueing jobs on queues consensus and timeout 405
[2026-01-05 12:30:58,181] DEBUG rq.worker: Registering birth of worker 57cdd65120f74b2d90ea391de9762c24
[2026-01-05 12:30:58,183] INFO rq.worker: Worker rq:worker:57cdd65120f74b2d90ea391de9762c24 started with PID 121, version 1.16.0
[2026-01-05 12:30:58,183] INFO rq.worker: Subscribing to channel rq:pubsub:57cdd65120f74b2d90ea391de9762c24
[2026-01-05 12:30:58,182] DEBUG rq.worker: Registering birth of worker f26554ea7d164a96bde5ec62c8b24d31
[2026-01-05 12:30:58,185] INFO rq.worker: *** Listening on annotation...
[2026-01-05 12:30:58,185] INFO rq.worker: Worker rq:worker:f26554ea7d164a96bde5ec62c8b24d31 started with PID 122, version 1.16.0
[2026-01-05 12:30:58,185] INFO rq.worker: Subscribing to channel rq:pubsub:f26554ea7d164a96bde5ec62c8b24d31
[2026-01-05 12:30:58,185] DEBUG rq.worker: Sent heartbeat to prevent worker timeout. Next one should arrive in 480 seconds.
[2026-01-05 12:30:58,187] INFO rq.worker: Cleaning registries for queue: annotation
[2026-01-05 12:30:58,188] INFO rq.worker: *** Listening on notifications, cleaning...
[2026-01-05 12:30:58,188] DEBUG rq.worker: Sent heartbeat to prevent worker timeout. Next one should arrive in 480 seconds.
[2026-01-05 12:30:58,190] DEBUG rq.worker: *** Listening on annotation...
[2026-01-05 12:30:58,190] INFO rq.worker: Cleaning registries for queue: notifications
[2026-01-05 12:30:58,191] DEBUG rq.worker: Sent heartbeat to prevent worker timeout. Next one should arrive in 480 seconds.
[2026-01-05 12:30:58,191] DEBUG rq.worker: Dequeueing jobs on queues annotation and timeout 405
[2026-01-05 12:30:58,193] INFO rq.worker: Cleaning registries for queue: cleaning
[2026-01-05 12:30:58,195] DEBUG rq.worker: *** Listening on notifications,cleaning...
[2026-01-05 12:30:58,196] DEBUG rq.worker: Sent heartbeat to prevent worker timeout. Next one should arrive in 480 seconds.
[2026-01-05 12:30:58,196] DEBUG rq.worker: Dequeueing jobs on queues notifications,cleaning and timeout 405
[2026-01-05 12:30:58,238] DEBUG rq.worker: Registering birth of worker 79fe37be37334735a189a8fbad87f50c
[2026-01-05 12:30:58,240] INFO rq.worker: Worker rq:worker:79fe37be37334735a189a8fbad87f50c started with PID 123, version 1.16.0
[2026-01-05 12:30:58,240] INFO rq.worker: Subscribing to channel rq:pubsub:79fe37be37334735a189a8fbad87f50c
[2026-01-05 12:30:58,241] DEBUG rq.worker: Registering birth of worker cabde9a4abca4195834f3fb6d7c2ea22
[2026-01-05 12:30:58,242] INFO rq.worker: *** Listening on import...
[2026-01-05 12:30:58,243] DEBUG rq.worker: Sent heartbeat to prevent worker timeout. Next one should arrive in 480 seconds.
[2026-01-05 12:30:58,243] INFO rq.worker: Worker rq:worker:cabde9a4abca4195834f3fb6d7c2ea22 started with PID 121, version 1.16.0
[2026-01-05 12:30:58,243] INFO rq.worker: Subscribing to channel rq:pubsub:cabde9a4abca4195834f3fb6d7c2ea22
[2026-01-05 12:30:58,244] INFO rq.worker: Cleaning registries for queue: import
[2026-01-05 12:30:58,245] INFO rq.worker: *** Listening on export...
[2026-01-05 12:30:58,246] DEBUG rq.worker: Sent heartbeat to prevent worker timeout. Next one should arrive in 480 seconds.
[2026-01-05 12:30:58,247] DEBUG rq.worker: *** Listening on import...
[2026-01-05 12:30:58,248] INFO rq.worker: Cleaning registries for queue: export
[2026-01-05 12:30:58,248] DEBUG rq.worker: Sent heartbeat to prevent worker timeout. Next one should arrive in 480 seconds.
[2026-01-05 12:30:58,248] DEBUG rq.worker: Dequeueing jobs on queues import and timeout 405
[2026-01-05 12:30:58,250] DEBUG rq.worker: *** Listening on export...
[2026-01-05 12:30:58,251] DEBUG rq.worker: Sent heartbeat to prevent worker timeout. Next one should arrive in 480 seconds.
[2026-01-05 12:30:58,251] DEBUG rq.worker: Dequeueing jobs on queues export and timeout 405
[2026-01-05 12:30:58,275] DEBUG rq.worker: Registering birth of worker 784ec2339d8a4f618cf57b636a91e74c
[2026-01-05 12:30:58,277] INFO rq.worker: Worker rq:worker:784ec2339d8a4f618cf57b636a91e74c started with PID 122, version 1.16.0
[2026-01-05 12:30:58,277] INFO rq.worker: Subscribing to channel rq:pubsub:784ec2339d8a4f618cf57b636a91e74c
[2026-01-05 12:30:58,280] INFO rq.worker: *** Listening on export...
[2026-01-05 12:30:58,280] DEBUG rq.worker: Sent heartbeat to prevent worker timeout. Next one should arrive in 480 seconds.
[2026-01-05 12:30:58,282] INFO rq.worker: Cleaning registries for queue: export
[2026-01-05 12:30:58,284] DEBUG rq.worker: *** Listening on export...
[2026-01-05 12:30:58,285] DEBUG rq.worker: Sent heartbeat to prevent worker timeout. Next one should arrive in 480 seconds.
[2026-01-05 12:30:58,285] DEBUG rq.worker: Dequeueing jobs on queues export and timeout 405
[2026-01-05 12:30:58,349] DEBUG rq.worker: Registering birth of worker 1a400d5cd9b142338ac6b0fab7e95e33
[2026-01-05 12:30:58,352] INFO rq.worker: Worker rq:worker:1a400d5cd9b142338ac6b0fab7e95e33 started with PID 121, version 1.16.0
[2026-01-05 12:30:58,352] INFO rq.worker: Subscribing to channel rq:pubsub:1a400d5cd9b142338ac6b0fab7e95e33
[2026-01-05 12:30:58,354] INFO rq.worker: *** Listening on quality_reports...
[2026-01-05 12:30:58,355] DEBUG rq.worker: Sent heartbeat to prevent worker timeout. Next one should arrive in 480 seconds.
[2026-01-05 12:30:58,357] INFO rq.worker: Cleaning registries for queue: quality_reports
[2026-01-05 12:30:58,359] DEBUG rq.worker: *** Listening on quality_reports...
[2026-01-05 12:30:58,360] DEBUG rq.worker: Sent heartbeat to prevent worker timeout. Next one should arrive in 480 seconds.
[2026-01-05 12:30:58,360] DEBUG rq.worker: Dequeueing jobs on queues quality_reports and timeout 405
[2026-01-05 12:31:17,582] WARNING django.request: Unauthorized: /api/users/self
[2026-01-05 12:31:17,773] WARNING django.request: Not Found: /api/user-agreements
[2026-01-05 12:32:40,617] WARNING django.request: Not Found: /api/user-agreements
[2026-01-05 12:35:34,202] WARNING django.request: Not Found: /api/user-agreements
[2026-01-05 12:35:38,084] WARNING django.request: Not Found: /api/user-agreements
[2026-01-05 12:35:55,492] WARNING django.request: Unauthorized: /api/users/self
[2026-01-05 12:35:55,497] WARNING django.request: Not Found: /api/user-agreements
[2026-01-05 12:36:01,944] WARNING django.request: Not Found: /api/user-agreements
[2026-01-05 12:36:07,115] WARNING django.request: Not Found: /api/user-agreements
[2026-01-05 12:36:09,242] WARNING django.request: Not Found: /api/user-agreements
[2026-01-05 12:36:09,445] WARNING django.request: Unauthorized: /api/users/self
[2026-01-05 12:36:17,949] WARNING django.request: Not Found: /api/user-agreements
[2026-01-05 12:36:20,614] WARNING django.request: Not Found: /api/user-agreements
[2026-01-05 12:36:20,616] WARNING django.request: Unauthorized: /api/users/self
[2026-01-05 12:36:58,286] WARNING django.request: Not Found: /api/user-agreements
[2026-01-05 12:37:42,502] DEBUG rq.worker: Sent heartbeat to prevent worker timeout. Next one should arrive in 480 seconds.
[2026-01-05 12:37:42,502] DEBUG rq.worker: Sent heartbeat to prevent worker timeout. Next one should arrive in 480 seconds.
[2026-01-05 12:37:42,503] DEBUG rq.worker: Dequeueing jobs on queues chunks and timeout 405
[2026-01-05 12:37:42,503] DEBUG rq.worker: Dequeueing jobs on queues chunks and timeout 405
[2026-01-05 12:37:42,774] DEBUG rq.worker: Sent heartbeat to prevent worker timeout. Next one should arrive in 480 seconds.
[2026-01-05 12:37:42,774] DEBUG rq.worker: Dequeueing jobs on queues import and timeout 405
[2026-01-05 12:37:43,179] DEBUG rq.worker: Sent heartbeat to prevent worker timeout. Next one should arrive in 480 seconds.
[2026-01-05 12:37:43,179] DEBUG rq.worker: Sent heartbeat to prevent worker timeout. Next one should arrive in 480 seconds.
[2026-01-05 12:37:43,179] DEBUG rq.worker: Dequeueing jobs on queues webhooks and timeout 405
[2026-01-05 12:37:43,179] DEBUG rq.worker: Dequeueing jobs on queues consensus and timeout 405
[2026-01-05 12:37:43,278] DEBUG rq.worker: Sent heartbeat to prevent worker timeout. Next one should arrive in 480 seconds.
[2026-01-05 12:37:43,278] DEBUG rq.worker: Sent heartbeat to prevent worker timeout. Next one should arrive in 480 seconds.
[2026-01-05 12:37:43,279] DEBUG rq.worker: Dequeueing jobs on queues notifications,cleaning and timeout 405
[2026-01-05 12:37:43,279] DEBUG rq.worker: Dequeueing jobs on queues import and timeout 405
[2026-01-05 12:37:43,279] DEBUG rq.worker: Sent heartbeat to prevent worker timeout. Next one should arrive in 480 seconds.
[2026-01-05 12:37:43,280] DEBUG rq.worker: Dequeueing jobs on queues export and timeout 405
[2026-01-05 12:37:43,281] DEBUG rq.worker: Sent heartbeat to prevent worker timeout. Next one should arrive in 480 seconds.
[2026-01-05 12:37:43,281] DEBUG rq.worker: Dequeueing jobs on queues annotation and timeout 405
[2026-01-05 12:37:43,378] DEBUG rq.worker: Sent heartbeat to prevent worker timeout. Next one should arrive in 480 seconds.
[2026-01-05 12:37:43,378] DEBUG rq.worker: Sent heartbeat to prevent worker timeout. Next one should arrive in 480 seconds.
[2026-01-05 12:37:43,379] DEBUG rq.worker: Dequeueing jobs on queues quality_reports and timeout 405
[2026-01-05 12:37:43,379] DEBUG rq.worker: Dequeueing jobs on queues export and timeout 405
[2026-01-05 12:39:09,173] WARNING django.request: Unauthorized: /api/users/self
[2026-01-05 12:39:09,175] WARNING django.request: Not Found: /api/user-agreements
[2026-01-05 12:42:56,795] WARNING django.request: Unauthorized: /api/users/self
[2026-01-05 12:42:56,797] WARNING django.request: Not Found: /api/user-agreements
[2026-01-05 12:44:10,704] WARNING django.request: Bad Request: /api/invitations
[2026-01-05 12:44:27,598] DEBUG rq.worker: Sent heartbeat to prevent worker timeout. Next one should arrive in 480 seconds.
[2026-01-05 12:44:27,598] DEBUG rq.worker: Sent heartbeat to prevent worker timeout. Next one should arrive in 480 seconds.
[2026-01-05 12:44:27,600] INFO rq.worker: Cleaning registries for queue: chunks
[2026-01-05 12:44:27,600] DEBUG rq.worker: Dequeueing jobs on queues chunks and timeout 405
[2026-01-05 12:44:27,605] DEBUG rq.worker: Dequeueing jobs on queues chunks and timeout 405
[2026-01-05 12:44:27,866] DEBUG rq.worker: Sent heartbeat to prevent worker timeout. Next one should arrive in 480 seconds.
[2026-01-05 12:44:27,868] INFO rq.worker: Cleaning registries for queue: import
[2026-01-05 12:44:27,874] DEBUG rq.worker: Dequeueing jobs on queues import and timeout 405
[2026-01-05 12:44:28,273] DEBUG rq.worker: Sent heartbeat to prevent worker timeout. Next one should arrive in 480 seconds.
[2026-01-05 12:44:28,273] DEBUG rq.worker: Sent heartbeat to prevent worker timeout. Next one should arrive in 480 seconds.
[2026-01-05 12:44:28,276] INFO rq.worker: Cleaning registries for queue: webhooks
[2026-01-05 12:44:28,276] INFO rq.worker: Cleaning registries for queue: consensus
[2026-01-05 12:44:28,280] DEBUG rq.worker: Dequeueing jobs on queues consensus and timeout 405
[2026-01-05 12:44:28,281] DEBUG rq.worker: Dequeueing jobs on queues webhooks and timeout 405
[2026-01-05 12:44:28,283] DEBUG rq.worker: Sent heartbeat to prevent worker timeout. Next one should arrive in 480 seconds.
[2026-01-05 12:44:28,284] INFO rq.worker: Cleaning registries for queue: export
[2026-01-05 12:44:28,283] DEBUG rq.worker: Sent heartbeat to prevent worker timeout. Next one should arrive in 480 seconds.
[2026-01-05 12:44:28,283] DEBUG rq.worker: Sent heartbeat to prevent worker timeout. Next one should arrive in 480 seconds.
[2026-01-05 12:44:28,286] INFO rq.worker: Cleaning registries for queue: notifications
[2026-01-05 12:44:28,286] INFO rq.worker: Cleaning registries for queue: import
[2026-01-05 12:44:28,286] DEBUG rq.worker: Sent heartbeat to prevent worker timeout. Next one should arrive in 480 seconds.
[2026-01-05 12:44:28,288] INFO rq.worker: Cleaning registries for queue: annotation
[2026-01-05 12:44:28,289] DEBUG rq.worker: Dequeueing jobs on queues export and timeout 405
[2026-01-05 12:44:28,290] INFO rq.worker: Cleaning registries for queue: cleaning
[2026-01-05 12:44:28,291] DEBUG rq.worker: Dequeueing jobs on queues import and timeout 405
[2026-01-05 12:44:28,293] DEBUG rq.worker: Dequeueing jobs on queues annotation and timeout 405
[2026-01-05 12:44:28,294] DEBUG rq.worker: Dequeueing jobs on queues notifications,cleaning and timeout 405
[2026-01-05 12:44:28,472] DEBUG rq.worker: Sent heartbeat to prevent worker timeout. Next one should arrive in 480 seconds.
[2026-01-05 12:44:28,473] DEBUG rq.worker: Sent heartbeat to prevent worker timeout. Next one should arrive in 480 seconds.
[2026-01-05 12:44:28,475] INFO rq.worker: Cleaning registries for queue: export
[2026-01-05 12:44:28,476] INFO rq.worker: Cleaning registries for queue: quality_reports
[2026-01-05 12:44:28,480] DEBUG rq.worker: Dequeueing jobs on queues quality_reports and timeout 405
[2026-01-05 12:44:28,480] DEBUG rq.worker: Dequeueing jobs on queues export and timeout 405
[2026-01-05 12:46:04,692] WARNING django.request: Not Found: /api/user-agreements
[2026-01-05 12:46:27,557] WARNING django.request: Not Found: /api/user-agreements
[2026-01-05 12:46:40,075] WARNING django.request: Not Found: /api/user-agreements
[2026-01-05 12:47:43,936] WARNING django.request: Unauthorized: /api/users/self
[2026-01-05 12:47:43,944] WARNING django.request: Not Found: /api/user-agreements
[2026-01-05 12:47:57,330] WARNING django.request: Unauthorized: /api/users/self
[2026-01-05 12:47:57,339] WARNING django.request: Not Found: /api/user-agreements
[2026-01-05 12:48:15,670] WARNING django.request: Not Found: /api/user-agreements
[2026-01-05 12:48:19,116] WARNING django.request: Not Found: /api/user-agreements
[2026-01-05 12:48:34,406] ERROR django.request: Internal Server Error: /api/invitations
Traceback (most recent call last):
  File "/opt/venv/lib/python3.10/site-packages/asgiref/sync.py", line 518, in thread_handler
    raise exc_info[1]
  File "/opt/venv/lib/python3.10/site-packages/django/core/handlers/exception.py", line 42, in inner
    response = await get_response(request)
  File "/opt/venv/lib/python3.10/site-packages/django/core/handlers/base.py", line 253, in _get_response_async
    response = await wrapped_callback(
  File "/opt/venv/lib/python3.10/site-packages/asgiref/sync.py", line 468, in __call__
    ret = await asyncio.shield(exec_coro)
  File "/opt/venv/lib/python3.10/site-packages/asgiref/current_thread_executor.py", line 40, in run
    result = self.fn(*self.args, **self.kwargs)
  File "/opt/venv/lib/python3.10/site-packages/asgiref/sync.py", line 522, in thread_handler
    return func(*args, **kwargs)
  File "/opt/venv/lib/python3.10/site-packages/django/views/decorators/csrf.py", line 56, in wrapper_view
    return view_func(*args, **kwargs)
  File "/opt/venv/lib/python3.10/site-packages/rest_framework/viewsets.py", line 125, in view
    return self.dispatch(request, *args, **kwargs)
  File "/opt/venv/lib/python3.10/site-packages/rest_framework/views.py", line 515, in dispatch
    response = self.handle_exception(exc)
  File "/opt/venv/lib/python3.10/site-packages/rest_framework/views.py", line 475, in handle_exception
    self.raise_uncaught_exception(exc)
  File "/opt/venv/lib/python3.10/site-packages/rest_framework/views.py", line 486, in raise_uncaught_exception
    raise exc
  File "/opt/venv/lib/python3.10/site-packages/rest_framework/views.py", line 512, in dispatch
    response = handler(request, *args, **kwargs)
  File "/home/django/cvat/apps/organizations/views.py", line 279, in create
    self.perform_create(serializer)
  File "/home/django/cvat/apps/organizations/views.py", line 289, in perform_create
    serializer.save(
  File "/home/django/cvat/apps/organizations/serializers.py", line 150, in save
    invitation.send(request)
  File "/home/django/cvat/apps/organizations/models.py", line 113, in send
    get_adapter(request).send_mail("invitation/invitation", target_email, context)
  File "/opt/venv/lib/python3.10/site-packages/allauth/account/adapter.py", line 144, in send_mail
    msg.send()
  File "/opt/venv/lib/python3.10/site-packages/django/core/mail/message.py", line 299, in send
    return self.get_connection(fail_silently).send_messages([self])
  File "/opt/venv/lib/python3.10/site-packages/django/core/mail/backends/smtp.py", line 127, in send_messages
    new_conn_created = self.open()
  File "/opt/venv/lib/python3.10/site-packages/django/core/mail/backends/smtp.py", line 94, in open
    self.connection.login(self.username, self.password)
  File "/usr/lib/python3.10/smtplib.py", line 750, in login
    raise last_exception
  File "/usr/lib/python3.10/smtplib.py", line 739, in login
    (code, resp) = self.auth(
  File "/usr/lib/python3.10/smtplib.py", line 662, in auth
    raise SMTPAuthenticationError(code, resp)
smtplib.SMTPAuthenticationError: (535, b'5.7.8 Username and Password not accepted. For more information, go to\n5.7.8  https://support.google.com/mail/?p=BadCredentials ffacd0b85a97d-4324eaa08d9sm100492157f8f.30 - gsmtp')
[2026-01-05 12:49:50,834] ERROR django.request: Internal Server Error: /api/invitations
Traceback (most recent call last):
  File "/opt/venv/lib/python3.10/site-packages/asgiref/sync.py", line 518, in thread_handler
    raise exc_info[1]
  File "/opt/venv/lib/python3.10/site-packages/django/core/handlers/exception.py", line 42, in inner
    response = await get_response(request)
  File "/opt/venv/lib/python3.10/site-packages/django/core/handlers/base.py", line 253, in _get_response_async
    response = await wrapped_callback(
  File "/opt/venv/lib/python3.10/site-packages/asgiref/sync.py", line 468, in __call__
    ret = await asyncio.shield(exec_coro)
  File "/opt/venv/lib/python3.10/site-packages/asgiref/current_thread_executor.py", line 40, in run
    result = self.fn(*self.args, **self.kwargs)
  File "/opt/venv/lib/python3.10/site-packages/asgiref/sync.py", line 522, in thread_handler
    return func(*args, **kwargs)
  File "/opt/venv/lib/python3.10/site-packages/django/views/decorators/csrf.py", line 56, in wrapper_view
    return view_func(*args, **kwargs)
  File "/opt/venv/lib/python3.10/site-packages/rest_framework/viewsets.py", line 125, in view
    return self.dispatch(request, *args, **kwargs)
  File "/opt/venv/lib/python3.10/site-packages/rest_framework/views.py", line 515, in dispatch
    response = self.handle_exception(exc)
  File "/opt/venv/lib/python3.10/site-packages/rest_framework/views.py", line 475, in handle_exception
    self.raise_uncaught_exception(exc)
  File "/opt/venv/lib/python3.10/site-packages/rest_framework/views.py", line 486, in raise_uncaught_exception
    raise exc
  File "/opt/venv/lib/python3.10/site-packages/rest_framework/views.py", line 512, in dispatch
    response = handler(request, *args, **kwargs)
  File "/home/django/cvat/apps/organizations/views.py", line 279, in create
    self.perform_create(serializer)
  File "/home/django/cvat/apps/organizations/views.py", line 289, in perform_create
    serializer.save(
  File "/home/django/cvat/apps/organizations/serializers.py", line 150, in save
    invitation.send(request)
  File "/home/django/cvat/apps/organizations/models.py", line 113, in send
    get_adapter(request).send_mail("invitation/invitation", target_email, context)
  File "/opt/venv/lib/python3.10/site-packages/allauth/account/adapter.py", line 144, in send_mail
    msg.send()
  File "/opt/venv/lib/python3.10/site-packages/django/core/mail/message.py", line 299, in send
    return self.get_connection(fail_silently).send_messages([self])
  File "/opt/venv/lib/python3.10/site-packages/django/core/mail/backends/smtp.py", line 127, in send_messages
    new_conn_created = self.open()
  File "/opt/venv/lib/python3.10/site-packages/django/core/mail/backends/smtp.py", line 94, in open
    self.connection.login(self.username, self.password)
  File "/usr/lib/python3.10/smtplib.py", line 750, in login
    raise last_exception
  File "/usr/lib/python3.10/smtplib.py", line 739, in login
    (code, resp) = self.auth(
  File "/usr/lib/python3.10/smtplib.py", line 662, in auth
    raise SMTPAuthenticationError(code, resp)
smtplib.SMTPAuthenticationError: (535, b'5.7.8 Username and Password not accepted. For more information, go to\n5.7.8  https://support.google.com/mail/?p=BadCredentials ffacd0b85a97d-4327778e27bsm66988874f8f.12 - gsmtp')
[2026-01-05 12:50:06,087] WARNING django.request: Not Found: /api/user-agreements
[2026-01-05 12:50:10,722] WARNING django.request: Unauthorized: /api/users/self
[2026-01-05 12:50:10,727] WARNING django.request: Not Found: /api/user-agreements
[2026-01-05 12:51:12,653] DEBUG rq.worker: Sent heartbeat to prevent worker timeout. Next one should arrive in 480 seconds.
[2026-01-05 12:51:12,653] DEBUG rq.worker: Sent heartbeat to prevent worker timeout. Next one should arrive in 480 seconds.
[2026-01-05 12:51:12,655] DEBUG rq.worker: Dequeueing jobs on queues chunks and timeout 405
[2026-01-05 12:51:12,655] DEBUG rq.worker: Dequeueing jobs on queues chunks and timeout 405
[2026-01-05 12:51:12,954] DEBUG rq.worker: Sent heartbeat to prevent worker timeout. Next one should arrive in 480 seconds.
[2026-01-05 12:51:12,956] DEBUG rq.worker: Dequeueing jobs on queues import and timeout 405
[2026-01-05 12:51:13,359] DEBUG rq.worker: Sent heartbeat to prevent worker timeout. Next one should arrive in 480 seconds.
[2026-01-05 12:51:13,360] DEBUG rq.worker: Dequeueing jobs on queues consensus and timeout 405
[2026-01-05 12:51:13,359] DEBUG rq.worker: Sent heartbeat to prevent worker timeout. Next one should arrive in 480 seconds.
[2026-01-05 12:51:13,359] DEBUG rq.worker: Sent heartbeat to prevent worker timeout. Next one should arrive in 480 seconds.
[2026-01-05 12:51:13,361] DEBUG rq.worker: Dequeueing jobs on queues webhooks and timeout 405
[2026-01-05 12:51:13,359] DEBUG rq.worker: Sent heartbeat to prevent worker timeout. Next one should arrive in 480 seconds.
[2026-01-05 12:51:13,361] DEBUG rq.worker: Dequeueing jobs on queues notifications,cleaning and timeout 405
[2026-01-05 12:51:13,361] DEBUG rq.worker: Dequeueing jobs on queues import and timeout 405
[2026-01-05 12:51:13,359] DEBUG rq.worker: Sent heartbeat to prevent worker timeout. Next one should arrive in 480 seconds.
[2026-01-05 12:51:13,361] DEBUG rq.worker: Dequeueing jobs on queues export and timeout 405
[2026-01-05 12:51:13,359] DEBUG rq.worker: Sent heartbeat to prevent worker timeout. Next one should arrive in 480 seconds.
[2026-01-05 12:51:13,363] DEBUG rq.worker: Dequeueing jobs on queues annotation and timeout 405
[2026-01-05 12:51:13,556] DEBUG rq.worker: Sent heartbeat to prevent worker timeout. Next one should arrive in 480 seconds.
[2026-01-05 12:51:13,558] DEBUG rq.worker: Dequeueing jobs on queues quality_reports and timeout 405
[2026-01-05 12:51:13,557] DEBUG rq.worker: Sent heartbeat to prevent worker timeout. Next one should arrive in 480 seconds.
[2026-01-05 12:51:13,558] DEBUG rq.worker: Dequeueing jobs on queues export and timeout 405
[2026-01-05 12:57:57,754] DEBUG rq.worker: Sent heartbeat to prevent worker timeout. Next one should arrive in 480 seconds.
[2026-01-05 12:57:57,754] DEBUG rq.worker: Sent heartbeat to prevent worker timeout. Next one should arrive in 480 seconds.
[2026-01-05 12:57:57,755] DEBUG rq.worker: Dequeueing jobs on queues chunks and timeout 405
[2026-01-05 12:57:57,756] INFO rq.worker: Cleaning registries for queue: chunks
[2026-01-05 12:57:57,764] DEBUG rq.worker: Dequeueing jobs on queues chunks and timeout 405
[2026-01-05 12:57:58,025] DEBUG rq.worker: Sent heartbeat to prevent worker timeout. Next one should arrive in 480 seconds.
[2026-01-05 12:57:58,027] INFO rq.worker: Cleaning registries for queue: import
[2026-01-05 12:57:58,034] DEBUG rq.worker: Dequeueing jobs on queues import and timeout 405
[2026-01-05 12:57:58,431] DEBUG rq.worker: Sent heartbeat to prevent worker timeout. Next one should arrive in 480 seconds.
[2026-01-05 12:57:58,431] DEBUG rq.worker: Sent heartbeat to prevent worker timeout. Next one should arrive in 480 seconds.
[2026-01-05 12:57:58,431] DEBUG rq.worker: Sent heartbeat to prevent worker timeout. Next one should arrive in 480 seconds.
[2026-01-05 12:57:58,431] DEBUG rq.worker: Sent heartbeat to prevent worker timeout. Next one should arrive in 480 seconds.
[2026-01-05 12:57:58,431] DEBUG rq.worker: Sent heartbeat to prevent worker timeout. Next one should arrive in 480 seconds.
[2026-01-05 12:57:58,433] INFO rq.worker: Cleaning registries for queue: annotation
[2026-01-05 12:57:58,433] DEBUG rq.worker: Sent heartbeat to prevent worker timeout. Next one should arrive in 480 seconds.
[2026-01-05 12:57:58,434] INFO rq.worker: Cleaning registries for queue: consensus
[2026-01-05 12:57:58,434] INFO rq.worker: Cleaning registries for queue: webhooks
[2026-01-05 12:57:58,435] INFO rq.worker: Cleaning registries for queue: import
[2026-01-05 12:57:58,435] INFO rq.worker: Cleaning registries for queue: notifications
[2026-01-05 12:57:58,436] INFO rq.worker: Cleaning registries for queue: export
[2026-01-05 12:57:58,439] DEBUG rq.worker: Dequeueing jobs on queues webhooks and timeout 405
[2026-01-05 12:57:58,440] DEBUG rq.worker: Dequeueing jobs on queues annotation and timeout 405
[2026-01-05 12:57:58,442] DEBUG rq.worker: Dequeueing jobs on queues consensus and timeout 405
[2026-01-05 12:57:58,443] INFO rq.worker: Cleaning registries for queue: cleaning
[2026-01-05 12:57:58,444] DEBUG rq.worker: Dequeueing jobs on queues import and timeout 405
[2026-01-05 12:57:58,446] DEBUG rq.worker: Dequeueing jobs on queues export and timeout 405
[2026-01-05 12:57:58,447] DEBUG rq.worker: Dequeueing jobs on queues notifications,cleaning and timeout 405
[2026-01-05 12:57:58,631] DEBUG rq.worker: Sent heartbeat to prevent worker timeout. Next one should arrive in 480 seconds.
[2026-01-05 12:57:58,631] DEBUG rq.worker: Sent heartbeat to prevent worker timeout. Next one should arrive in 480 seconds.
[2026-01-05 12:57:58,633] INFO rq.worker: Cleaning registries for queue: export
[2026-01-05 12:57:58,633] INFO rq.worker: Cleaning registries for queue: quality_reports
[2026-01-05 12:57:58,640] DEBUG rq.worker: Dequeueing jobs on queues export and timeout 405
[2026-01-05 12:57:58,641] DEBUG rq.worker: Dequeueing jobs on queues quality_reports and timeout 405
[2026-01-05 13:02:40,628] WARNING django.request: Not Found: /api/user-agreements
[2026-01-05 13:02:51,846] DEBUG rq.worker: Got signal SIGTERM
[2026-01-05 13:02:51,848] INFO rq.worker: Worker f26554ea7d164a96bde5ec62c8b24d31 [PID 122]: warm shut down requested
[2026-01-05 13:02:51,850] DEBUG rq.worker: Got signal SIGTERM
[2026-01-05 13:02:51,851] DEBUG rq.worker: Registering death
[2026-01-05 13:02:51,852] INFO rq.worker: Worker 181369db38f5425e91608606fd06e7e6 [PID 120]: warm shut down requested
[2026-01-05 13:02:51,855] DEBUG rq.worker: Registering death
[2026-01-05 13:02:51,860] INFO rq.worker: Unsubscribing from channel rq:pubsub:f26554ea7d164a96bde5ec62c8b24d31
[2026-01-05 13:02:51,863] INFO rq.worker: Unsubscribing from channel rq:pubsub:181369db38f5425e91608606fd06e7e6
[2026-01-05 13:02:51,865] DEBUG rq.worker: Got signal SIGTERM
[2026-01-05 13:02:51,866] INFO rq.worker: Worker 57cdd65120f74b2d90ea391de9762c24 [PID 121]: warm shut down requested
[2026-01-05 13:02:51,868] DEBUG rq.worker: Registering death
[2026-01-05 13:02:51,869] DEBUG rq.worker: Got signal SIGTERM
[2026-01-05 13:02:51,870] INFO rq.worker: Worker 2c7f5b916cde4b6287a6502b7a8ee51b [PID 120]: warm shut down requested
[2026-01-05 13:02:51,872] DEBUG rq.worker: Got signal SIGTERM
[2026-01-05 13:02:51,872] DEBUG rq.worker: Registering death
[2026-01-05 13:02:51,873] DEBUG rq.worker: Got signal SIGTERM
[2026-01-05 13:02:51,874] INFO rq.worker: Worker a1cc5b83bb7f439fa1d25293ee42c64b [PID 122]: warm shut down requested
[2026-01-05 13:02:51,875] INFO rq.worker: Worker 79fe37be37334735a189a8fbad87f50c [PID 123]: warm shut down requested
[2026-01-05 13:02:51,876] DEBUG rq.worker: Registering death
[2026-01-05 13:02:51,875] INFO rq.worker: Unsubscribing from channel rq:pubsub:57cdd65120f74b2d90ea391de9762c24
[2026-01-05 13:02:51,877] INFO rq.worker: Unsubscribing from channel rq:pubsub:2c7f5b916cde4b6287a6502b7a8ee51b
[2026-01-05 13:02:51,877] DEBUG rq.worker: Registering death
[2026-01-05 13:02:51,883] INFO rq.worker: Unsubscribing from channel rq:pubsub:a1cc5b83bb7f439fa1d25293ee42c64b
[2026-01-05 13:02:51,884] INFO rq.worker: Unsubscribing from channel rq:pubsub:79fe37be37334735a189a8fbad87f50c
[2026-01-05 13:02:52,052] DEBUG rq.worker: Got signal SIGTERM
[2026-01-05 13:02:52,054] INFO rq.worker: Worker 1a400d5cd9b142338ac6b0fab7e95e33 [PID 121]: warm shut down requested
[2026-01-05 13:02:52,055] DEBUG rq.worker: Registering death
[2026-01-05 13:02:52,062] INFO rq.worker: Unsubscribing from channel rq:pubsub:1a400d5cd9b142338ac6b0fab7e95e33
[2026-01-05 13:02:52,087] DEBUG rq.worker: Got signal SIGTERM
[2026-01-05 13:02:52,089] DEBUG rq.worker: Got signal SIGTERM
[2026-01-05 13:02:52,090] INFO rq.worker: Worker 784ec2339d8a4f618cf57b636a91e74c [PID 122]: warm shut down requested
[2026-01-05 13:02:52,091] INFO rq.worker: Worker cabde9a4abca4195834f3fb6d7c2ea22 [PID 121]: warm shut down requested
[2026-01-05 13:02:52,092] DEBUG rq.worker: Registering death
[2026-01-05 13:02:52,094] DEBUG rq.worker: Registering death
[2026-01-05 13:02:52,099] INFO rq.worker: Unsubscribing from channel rq:pubsub:cabde9a4abca4195834f3fb6d7c2ea22
[2026-01-05 13:02:52,101] INFO rq.worker: Unsubscribing from channel rq:pubsub:784ec2339d8a4f618cf57b636a91e74c
[2026-01-05 13:02:52,201] DEBUG rq.worker: Got signal SIGTERM
[2026-01-05 13:02:52,202] INFO rq.worker: Worker fe3cb196f22740fe83940c12c92b98ec [PID 122]: warm shut down requested
[2026-01-05 13:02:52,202] DEBUG rq.worker: Got signal SIGTERM
[2026-01-05 13:02:52,204] INFO rq.worker: Worker b7bc0f88cea2452c89620639688c0447 [PID 121]: warm shut down requested
[2026-01-05 13:02:52,204] DEBUG rq.worker: Registering death
[2026-01-05 13:02:52,205] DEBUG rq.worker: Registering death
[2026-01-05 13:02:52,210] INFO rq.worker: Unsubscribing from channel rq:pubsub:fe3cb196f22740fe83940c12c92b98ec
[2026-01-05 13:02:52,212] INFO rq.worker: Unsubscribing from channel rq:pubsub:b7bc0f88cea2452c89620639688c0447
[2026-01-05 13:03:14,181] DEBUG rq.worker: Registering birth of worker cec748bb720240e2be62f21dc3e4c42e
[2026-01-05 13:03:14,186] INFO rq.worker: Worker rq:worker:cec748bb720240e2be62f21dc3e4c42e started with PID 121, version 1.16.0
[2026-01-05 13:03:14,186] INFO rq.worker: Subscribing to channel rq:pubsub:cec748bb720240e2be62f21dc3e4c42e
[2026-01-05 13:03:14,189] INFO rq.worker: *** Listening on chunks...
[2026-01-05 13:03:14,189] DEBUG rq.worker: Sent heartbeat to prevent worker timeout. Next one should arrive in 480 seconds.
[2026-01-05 13:03:14,194] INFO rq.worker: Cleaning registries for queue: chunks
[2026-01-05 13:03:14,197] DEBUG rq.worker: *** Listening on chunks...
[2026-01-05 13:03:14,198] DEBUG rq.worker: Sent heartbeat to prevent worker timeout. Next one should arrive in 480 seconds.
[2026-01-05 13:03:14,198] DEBUG rq.worker: Dequeueing jobs on queues chunks and timeout 405
[2026-01-05 13:03:14,268] INFO rq_scheduler.scheduler: Registering birth
[2026-01-05 13:03:14,297] DEBUG rq.worker: Registering birth of worker 12047e575fbf475fae7519d33e0610fb
[2026-01-05 13:03:14,305] INFO rq.worker: Worker rq:worker:12047e575fbf475fae7519d33e0610fb started with PID 120, version 1.16.0
[2026-01-05 13:03:14,305] INFO rq.worker: Subscribing to channel rq:pubsub:12047e575fbf475fae7519d33e0610fb
[2026-01-05 13:03:14,351] INFO rq.worker: *** Listening on chunks...
[2026-01-05 13:03:14,355] DEBUG rq.worker: Sent heartbeat to prevent worker timeout. Next one should arrive in 480 seconds.
[2026-01-05 13:03:14,357] INFO rq.worker: Cleaning registries for queue: chunks
[2026-01-05 13:03:14,360] DEBUG rq.worker: *** Listening on chunks...
[2026-01-05 13:03:14,360] DEBUG rq.worker: Sent heartbeat to prevent worker timeout. Next one should arrive in 480 seconds.
[2026-01-05 13:03:14,360] DEBUG rq.worker: Dequeueing jobs on queues chunks and timeout 405
[2026-01-05 13:03:14,457] DEBUG rq.worker: Registering birth of worker cdfc93c5a53840debb3e585f82c26740
[2026-01-05 13:03:14,459] INFO rq.worker: Worker rq:worker:cdfc93c5a53840debb3e585f82c26740 started with PID 121, version 1.16.0
[2026-01-05 13:03:14,460] INFO rq.worker: Subscribing to channel rq:pubsub:cdfc93c5a53840debb3e585f82c26740
[2026-01-05 13:03:14,462] INFO rq.worker: *** Listening on webhooks...
[2026-01-05 13:03:14,463] DEBUG rq.worker: Sent heartbeat to prevent worker timeout. Next one should arrive in 480 seconds.
[2026-01-05 13:03:14,465] INFO rq.worker: Cleaning registries for queue: webhooks
[2026-01-05 13:03:14,468] DEBUG rq.worker: *** Listening on webhooks...
[2026-01-05 13:03:14,469] DEBUG rq.worker: Sent heartbeat to prevent worker timeout. Next one should arrive in 480 seconds.
[2026-01-05 13:03:14,470] DEBUG rq.worker: Dequeueing jobs on queues webhooks and timeout 405
[2026-01-05 13:03:14,541] DEBUG rq.worker: Registering birth of worker 8c652a88dbe5490db8278be41236ac65
[2026-01-05 13:03:14,543] INFO rq.worker: Worker rq:worker:8c652a88dbe5490db8278be41236ac65 started with PID 121, version 1.16.0
[2026-01-05 13:03:14,543] INFO rq.worker: Subscribing to channel rq:pubsub:8c652a88dbe5490db8278be41236ac65
[2026-01-05 13:03:14,546] INFO rq.worker: *** Listening on annotation...
[2026-01-05 13:03:14,546] DEBUG rq.worker: Sent heartbeat to prevent worker timeout. Next one should arrive in 480 seconds.
[2026-01-05 13:03:14,548] INFO rq.worker: Cleaning registries for queue: annotation
[2026-01-05 13:03:14,551] DEBUG rq.worker: *** Listening on annotation...
[2026-01-05 13:03:14,552] DEBUG rq.worker: Sent heartbeat to prevent worker timeout. Next one should arrive in 480 seconds.
[2026-01-05 13:03:14,552] DEBUG rq.worker: Dequeueing jobs on queues annotation and timeout 405
[2026-01-05 13:03:14,568] DEBUG rq.worker: Registering birth of worker 8266240b7ad34546a7d323b6b77f69f9
[2026-01-05 13:03:14,571] INFO rq.worker: Worker rq:worker:8266240b7ad34546a7d323b6b77f69f9 started with PID 122, version 1.16.0
[2026-01-05 13:03:14,571] INFO rq.worker: Subscribing to channel rq:pubsub:8266240b7ad34546a7d323b6b77f69f9
[2026-01-05 13:03:14,574] INFO rq.worker: *** Listening on import...
[2026-01-05 13:03:14,574] DEBUG rq.worker: Sent heartbeat to prevent worker timeout. Next one should arrive in 480 seconds.
[2026-01-05 13:03:14,576] INFO rq.worker: Cleaning registries for queue: import
[2026-01-05 13:03:14,580] DEBUG rq.worker: *** Listening on import...
[2026-01-05 13:03:14,581] DEBUG rq.worker: Sent heartbeat to prevent worker timeout. Next one should arrive in 480 seconds.
[2026-01-05 13:03:14,582] DEBUG rq.worker: Dequeueing jobs on queues import and timeout 405
[2026-01-05 13:03:14,671] DEBUG rq.worker: Registering birth of worker 91c0d7f48321412c84d73909853d46ca
[2026-01-05 13:03:14,672] DEBUG rq.worker: Registering birth of worker 55ad4fe83026470aa0f92442927ab578
[2026-01-05 13:03:14,674] INFO rq.worker: Worker rq:worker:91c0d7f48321412c84d73909853d46ca started with PID 121, version 1.16.0
[2026-01-05 13:03:14,674] INFO rq.worker: Subscribing to channel rq:pubsub:91c0d7f48321412c84d73909853d46ca
[2026-01-05 13:03:14,674] INFO rq.worker: Worker rq:worker:55ad4fe83026470aa0f92442927ab578 started with PID 122, version 1.16.0
[2026-01-05 13:03:14,675] INFO rq.worker: Subscribing to channel rq:pubsub:55ad4fe83026470aa0f92442927ab578
[2026-01-05 13:03:14,676] INFO rq.worker: *** Listening on export...
[2026-01-05 13:03:14,677] INFO rq.worker: *** Listening on notifications, cleaning...
[2026-01-05 13:03:14,677] DEBUG rq.worker: Sent heartbeat to prevent worker timeout. Next one should arrive in 480 seconds.
[2026-01-05 13:03:14,677] DEBUG rq.worker: Sent heartbeat to prevent worker timeout. Next one should arrive in 480 seconds.
[2026-01-05 13:03:14,679] INFO rq.worker: Cleaning registries for queue: export
[2026-01-05 13:03:14,679] INFO rq.worker: Cleaning registries for queue: notifications
[2026-01-05 13:03:14,682] DEBUG rq.worker: *** Listening on export...
[2026-01-05 13:03:14,683] INFO rq.worker: Cleaning registries for queue: cleaning
[2026-01-05 13:03:14,683] DEBUG rq.worker: Sent heartbeat to prevent worker timeout. Next one should arrive in 480 seconds.
[2026-01-05 13:03:14,684] DEBUG rq.worker: Dequeueing jobs on queues export and timeout 405
[2026-01-05 13:03:14,686] DEBUG rq.worker: *** Listening on notifications,cleaning...
[2026-01-05 13:03:14,687] DEBUG rq.worker: Sent heartbeat to prevent worker timeout. Next one should arrive in 480 seconds.
[2026-01-05 13:03:14,688] DEBUG rq.worker: Dequeueing jobs on queues notifications,cleaning and timeout 405
[2026-01-05 13:03:14,766] DEBUG rq.worker: Registering birth of worker a90103884ad940298e77ccf3ef0d0d37
[2026-01-05 13:03:14,768] INFO rq.worker: Worker rq:worker:a90103884ad940298e77ccf3ef0d0d37 started with PID 119, version 1.16.0
[2026-01-05 13:03:14,769] INFO rq.worker: Subscribing to channel rq:pubsub:a90103884ad940298e77ccf3ef0d0d37
[2026-01-05 13:03:14,771] INFO rq.worker: *** Listening on consensus...
[2026-01-05 13:03:14,771] DEBUG rq.worker: Sent heartbeat to prevent worker timeout. Next one should arrive in 480 seconds.
[2026-01-05 13:03:14,773] INFO rq.worker: Cleaning registries for queue: consensus
[2026-01-05 13:03:14,775] DEBUG rq.worker: *** Listening on consensus...
[2026-01-05 13:03:14,776] DEBUG rq.worker: Sent heartbeat to prevent worker timeout. Next one should arrive in 480 seconds.
[2026-01-05 13:03:14,777] DEBUG rq.worker: Dequeueing jobs on queues consensus and timeout 405
[2026-01-05 13:03:14,791] DEBUG rq.worker: Registering birth of worker 852df44ce8534a4c9cdc9e01fbbe7f32
[2026-01-05 13:03:14,793] INFO rq.worker: Worker rq:worker:852df44ce8534a4c9cdc9e01fbbe7f32 started with PID 120, version 1.16.0
[2026-01-05 13:03:14,794] INFO rq.worker: Subscribing to channel rq:pubsub:852df44ce8534a4c9cdc9e01fbbe7f32
[2026-01-05 13:03:14,796] INFO rq.worker: *** Listening on quality_reports...
[2026-01-05 13:03:14,796] DEBUG rq.worker: Sent heartbeat to prevent worker timeout. Next one should arrive in 480 seconds.
[2026-01-05 13:03:14,798] INFO rq.worker: Cleaning registries for queue: quality_reports
[2026-01-05 13:03:14,800] DEBUG rq.worker: *** Listening on quality_reports...
[2026-01-05 13:03:14,801] DEBUG rq.worker: Sent heartbeat to prevent worker timeout. Next one should arrive in 480 seconds.
[2026-01-05 13:03:14,801] DEBUG rq.worker: Dequeueing jobs on queues quality_reports and timeout 405
[2026-01-05 13:03:14,822] DEBUG rq.worker: Registering birth of worker 78b9eeb9267e46acae1115d8741b6d29
[2026-01-05 13:03:14,824] INFO rq.worker: Worker rq:worker:78b9eeb9267e46acae1115d8741b6d29 started with PID 122, version 1.16.0
[2026-01-05 13:03:14,824] INFO rq.worker: Subscribing to channel rq:pubsub:78b9eeb9267e46acae1115d8741b6d29
[2026-01-05 13:03:14,826] INFO rq.worker: *** Listening on export...
[2026-01-05 13:03:14,826] DEBUG rq.worker: Sent heartbeat to prevent worker timeout. Next one should arrive in 480 seconds.
[2026-01-05 13:03:14,827] INFO rq.worker: Cleaning registries for queue: export
[2026-01-05 13:03:14,829] DEBUG rq.worker: *** Listening on export...
[2026-01-05 13:03:14,830] DEBUG rq.worker: Sent heartbeat to prevent worker timeout. Next one should arrive in 480 seconds.
[2026-01-05 13:03:14,830] DEBUG rq.worker: Dequeueing jobs on queues export and timeout 405
[2026-01-05 13:03:14,910] DEBUG rq.worker: Registering birth of worker d7ed4f0ba0234a849e1d547ea4609b6b
[2026-01-05 13:03:14,913] INFO rq.worker: Worker rq:worker:d7ed4f0ba0234a849e1d547ea4609b6b started with PID 123, version 1.16.0
[2026-01-05 13:03:14,913] INFO rq.worker: Subscribing to channel rq:pubsub:d7ed4f0ba0234a849e1d547ea4609b6b
[2026-01-05 13:03:14,916] INFO rq.worker: *** Listening on import...
[2026-01-05 13:03:14,916] DEBUG rq.worker: Sent heartbeat to prevent worker timeout. Next one should arrive in 480 seconds.
[2026-01-05 13:03:14,918] INFO rq.worker: Cleaning registries for queue: import
[2026-01-05 13:03:14,921] DEBUG rq.worker: *** Listening on import...
[2026-01-05 13:03:14,922] DEBUG rq.worker: Sent heartbeat to prevent worker timeout. Next one should arrive in 480 seconds.
[2026-01-05 13:03:14,922] DEBUG rq.worker: Dequeueing jobs on queues import and timeout 405
[2026-01-05 13:03:34,727] WARNING django.request: Not Found: /api/user-agreements
[2026-01-05 13:04:00,681] WARNING django.request: Not Found: /api/user-agreements
[2026-01-05 13:09:59,253] DEBUG rq.worker: Sent heartbeat to prevent worker timeout. Next one should arrive in 480 seconds.
[2026-01-05 13:09:59,255] DEBUG rq.worker: Dequeueing jobs on queues chunks and timeout 405
[2026-01-05 13:09:59,453] DEBUG rq.worker: Sent heartbeat to prevent worker timeout. Next one should arrive in 480 seconds.
[2026-01-05 13:09:59,453] DEBUG rq.worker: Dequeueing jobs on queues chunks and timeout 405
[2026-01-05 13:09:59,553] DEBUG rq.worker: Sent heartbeat to prevent worker timeout. Next one should arrive in 480 seconds.
[2026-01-05 13:09:59,554] DEBUG rq.worker: Dequeueing jobs on queues webhooks and timeout 405
[2026-01-05 13:09:59,554] DEBUG rq.worker: Sent heartbeat to prevent worker timeout. Next one should arrive in 480 seconds.
[2026-01-05 13:09:59,555] DEBUG rq.worker: Dequeueing jobs on queues annotation and timeout 405
[2026-01-05 13:09:59,654] DEBUG rq.worker: Sent heartbeat to prevent worker timeout. Next one should arrive in 480 seconds.
[2026-01-05 13:09:59,654] DEBUG rq.worker: Dequeueing jobs on queues import and timeout 405
[2026-01-05 13:09:59,756] DEBUG rq.worker: Sent heartbeat to prevent worker timeout. Next one should arrive in 480 seconds.
[2026-01-05 13:09:59,757] DEBUG rq.worker: Dequeueing jobs on queues notifications,cleaning and timeout 405
[2026-01-05 13:09:59,756] DEBUG rq.worker: Sent heartbeat to prevent worker timeout. Next one should arrive in 480 seconds.
[2026-01-05 13:09:59,757] DEBUG rq.worker: Dequeueing jobs on queues export and timeout 405
[2026-01-05 13:09:59,856] DEBUG rq.worker: Sent heartbeat to prevent worker timeout. Next one should arrive in 480 seconds.
[2026-01-05 13:09:59,856] DEBUG rq.worker: Sent heartbeat to prevent worker timeout. Next one should arrive in 480 seconds.
[2026-01-05 13:09:59,857] DEBUG rq.worker: Dequeueing jobs on queues export and timeout 405
[2026-01-05 13:09:59,857] DEBUG rq.worker: Dequeueing jobs on queues quality_reports and timeout 405
[2026-01-05 13:09:59,857] DEBUG rq.worker: Sent heartbeat to prevent worker timeout. Next one should arrive in 480 seconds.
[2026-01-05 13:09:59,858] DEBUG rq.worker: Dequeueing jobs on queues consensus and timeout 405
[2026-01-05 13:09:59,958] DEBUG rq.worker: Sent heartbeat to prevent worker timeout. Next one should arrive in 480 seconds.
[2026-01-05 13:09:59,959] DEBUG rq.worker: Dequeueing jobs on queues import and timeout 405
[2026-01-05 13:11:47,073] WARNING django.request: Unauthorized: /api/users/self
[2026-01-05 13:11:47,103] WARNING django.request: Not Found: /api/user-agreements
[2026-01-05 13:14:47,329] WARNING django.request: Not Found: /api/user-agreements
[2026-01-05 13:14:47,330] WARNING django.request: Unauthorized: /api/users/self
[2026-01-05 13:14:53,279] WARNING django.request: Not Found: /api/user-agreements
[2026-01-05 13:14:56,518] WARNING django.request: Not Found: /api/user-agreements
[2026-01-05 13:14:56,520] WARNING django.request: Unauthorized: /api/users/self
[2026-01-05 13:16:44,332] DEBUG rq.worker: Sent heartbeat to prevent worker timeout. Next one should arrive in 480 seconds.
[2026-01-05 13:16:44,335] INFO rq.worker: Cleaning registries for queue: chunks
[2026-01-05 13:16:44,342] DEBUG rq.worker: Dequeueing jobs on queues chunks and timeout 405
[2026-01-05 13:16:44,535] DEBUG rq.worker: Sent heartbeat to prevent worker timeout. Next one should arrive in 480 seconds.
[2026-01-05 13:16:44,539] INFO rq.worker: Cleaning registries for queue: chunks
[2026-01-05 13:16:44,546] DEBUG rq.worker: Dequeueing jobs on queues chunks and timeout 405
[2026-01-05 13:16:44,634] DEBUG rq.worker: Sent heartbeat to prevent worker timeout. Next one should arrive in 480 seconds.
[2026-01-05 13:16:44,637] INFO rq.worker: Cleaning registries for queue: webhooks
[2026-01-05 13:16:44,638] DEBUG rq.worker: Sent heartbeat to prevent worker timeout. Next one should arrive in 480 seconds.
[2026-01-05 13:16:44,640] INFO rq.worker: Cleaning registries for queue: annotation
[2026-01-05 13:16:44,641] DEBUG rq.worker: Dequeueing jobs on queues webhooks and timeout 405
[2026-01-05 13:16:44,644] DEBUG rq.worker: Dequeueing jobs on queues annotation and timeout 405
[2026-01-05 13:16:44,737] DEBUG rq.worker: Sent heartbeat to prevent worker timeout. Next one should arrive in 480 seconds.
[2026-01-05 13:16:44,741] INFO rq.worker: Cleaning registries for queue: import
[2026-01-05 13:16:44,747] DEBUG rq.worker: Dequeueing jobs on queues import and timeout 405
[2026-01-05 13:16:44,837] DEBUG rq.worker: Sent heartbeat to prevent worker timeout. Next one should arrive in 480 seconds.
[2026-01-05 13:16:44,840] INFO rq.worker: Cleaning registries for queue: export
[2026-01-05 13:16:44,840] DEBUG rq.worker: Sent heartbeat to prevent worker timeout. Next one should arrive in 480 seconds.
[2026-01-05 13:16:44,844] INFO rq.worker: Cleaning registries for queue: notifications
[2026-01-05 13:16:44,845] DEBUG rq.worker: Dequeueing jobs on queues export and timeout 405
[2026-01-05 13:16:44,850] INFO rq.worker: Cleaning registries for queue: cleaning
[2026-01-05 13:16:44,853] DEBUG rq.worker: Dequeueing jobs on queues notifications,cleaning and timeout 405
[2026-01-05 13:16:44,948] DEBUG rq.worker: Sent heartbeat to prevent worker timeout. Next one should arrive in 480 seconds.
[2026-01-05 13:16:44,951] INFO rq.worker: Cleaning registries for queue: quality_reports
[2026-01-05 13:16:44,950] DEBUG rq.worker: Sent heartbeat to prevent worker timeout. Next one should arrive in 480 seconds.
[2026-01-05 13:16:44,949] DEBUG rq.worker: Sent heartbeat to prevent worker timeout. Next one should arrive in 480 seconds.
[2026-01-05 13:16:44,954] INFO rq.worker: Cleaning registries for queue: export
[2026-01-05 13:16:44,954] INFO rq.worker: Cleaning registries for queue: consensus
[2026-01-05 13:16:44,957] DEBUG rq.worker: Dequeueing jobs on queues quality_reports and timeout 405
[2026-01-05 13:16:44,959] DEBUG rq.worker: Dequeueing jobs on queues export and timeout 405
[2026-01-05 13:16:44,959] DEBUG rq.worker: Dequeueing jobs on queues consensus and timeout 405
[2026-01-05 13:16:44,966] DEBUG rq.worker: Sent heartbeat to prevent worker timeout. Next one should arrive in 480 seconds.
[2026-01-05 13:16:44,969] INFO rq.worker: Cleaning registries for queue: import
[2026-01-05 13:16:44,975] DEBUG rq.worker: Dequeueing jobs on queues import and timeout 405
[2026-01-05 13:23:07,144] DEBUG rq.worker: Got signal SIGTERM
[2026-01-05 13:23:07,144] DEBUG rq.worker: Got signal SIGTERM
[2026-01-05 13:23:07,146] INFO rq.worker: Worker 12047e575fbf475fae7519d33e0610fb [PID 120]: warm shut down requested
[2026-01-05 13:23:07,146] INFO rq.worker: Worker cec748bb720240e2be62f21dc3e4c42e [PID 121]: warm shut down requested
[2026-01-05 13:23:07,148] DEBUG rq.worker: Registering death
[2026-01-05 13:23:07,148] DEBUG rq.worker: Registering death
[2026-01-05 13:23:07,155] INFO rq.worker: Unsubscribing from channel rq:pubsub:12047e575fbf475fae7519d33e0610fb
[2026-01-05 13:23:07,156] INFO rq.worker: Unsubscribing from channel rq:pubsub:cec748bb720240e2be62f21dc3e4c42e
[2026-01-05 13:23:07,175] DEBUG rq.worker: Got signal SIGTERM
[2026-01-05 13:23:07,177] INFO rq.worker: Worker cdfc93c5a53840debb3e585f82c26740 [PID 121]: warm shut down requested
[2026-01-05 13:23:07,178] DEBUG rq.worker: Registering death
[2026-01-05 13:23:07,186] INFO rq.worker: Unsubscribing from channel rq:pubsub:cdfc93c5a53840debb3e585f82c26740
[2026-01-05 13:23:07,191] DEBUG rq.worker: Got signal SIGTERM
[2026-01-05 13:23:07,193] INFO rq.worker: Worker 8c652a88dbe5490db8278be41236ac65 [PID 121]: warm shut down requested
[2026-01-05 13:23:07,194] DEBUG rq.worker: Registering death
[2026-01-05 13:23:07,198] INFO rq.worker: Unsubscribing from channel rq:pubsub:8c652a88dbe5490db8278be41236ac65
[2026-01-05 13:23:07,376] DEBUG rq.worker: Got signal SIGTERM
[2026-01-05 13:23:07,378] INFO rq.worker: Worker 55ad4fe83026470aa0f92442927ab578 [PID 122]: warm shut down requested
[2026-01-05 13:23:07,380] DEBUG rq.worker: Registering death
[2026-01-05 13:23:07,386] INFO rq.worker: Unsubscribing from channel rq:pubsub:55ad4fe83026470aa0f92442927ab578
[2026-01-05 13:23:07,459] DEBUG rq.worker: Got signal SIGTERM
[2026-01-05 13:23:07,461] INFO rq.worker: Worker a90103884ad940298e77ccf3ef0d0d37 [PID 119]: warm shut down requested
[2026-01-05 13:23:07,463] DEBUG rq.worker: Registering death
[2026-01-05 13:23:07,467] INFO rq.worker: Unsubscribing from channel rq:pubsub:a90103884ad940298e77ccf3ef0d0d37
[2026-01-05 13:23:07,478] DEBUG rq.worker: Got signal SIGTERM
[2026-01-05 13:23:07,483] INFO rq.worker: Worker 852df44ce8534a4c9cdc9e01fbbe7f32 [PID 120]: warm shut down requested
[2026-01-05 13:23:07,484] DEBUG rq.worker: Registering death
[2026-01-05 13:23:07,487] INFO rq.worker: Unsubscribing from channel rq:pubsub:852df44ce8534a4c9cdc9e01fbbe7f32
[2026-01-05 13:23:07,490] DEBUG rq.worker: Got signal SIGTERM
[2026-01-05 13:23:07,491] INFO rq.worker: Worker 91c0d7f48321412c84d73909853d46ca [PID 121]: warm shut down requested
[2026-01-05 13:23:07,491] DEBUG rq.worker: Got signal SIGTERM
[2026-01-05 13:23:07,492] DEBUG rq.worker: Registering death
[2026-01-05 13:23:07,492] INFO rq.worker: Worker 78b9eeb9267e46acae1115d8741b6d29 [PID 122]: warm shut down requested
[2026-01-05 13:23:07,494] DEBUG rq.worker: Registering death
[2026-01-05 13:23:07,495] INFO rq.worker: Unsubscribing from channel rq:pubsub:91c0d7f48321412c84d73909853d46ca
[2026-01-05 13:23:07,498] INFO rq.worker: Unsubscribing from channel rq:pubsub:78b9eeb9267e46acae1115d8741b6d29
[2026-01-05 13:23:07,500] DEBUG rq.worker: Got signal SIGTERM
[2026-01-05 13:23:07,500] DEBUG rq.worker: Got signal SIGTERM
[2026-01-05 13:23:07,502] INFO rq.worker: Worker d7ed4f0ba0234a849e1d547ea4609b6b [PID 123]: warm shut down requested
[2026-01-05 13:23:07,502] INFO rq.worker: Worker 8266240b7ad34546a7d323b6b77f69f9 [PID 122]: warm shut down requested
[2026-01-05 13:23:07,503] DEBUG rq.worker: Registering death
[2026-01-05 13:23:07,503] DEBUG rq.worker: Registering death
[2026-01-05 13:23:07,507] INFO rq.worker: Unsubscribing from channel rq:pubsub:d7ed4f0ba0234a849e1d547ea4609b6b
[2026-01-05 13:23:07,508] INFO rq.worker: Unsubscribing from channel rq:pubsub:8266240b7ad34546a7d323b6b77f69f9
[2026-01-05 13:23:29,409] DEBUG rq.worker: Registering birth of worker 9e0022493d714727a2deb60ef412698b
[2026-01-05 13:23:29,418] INFO rq.worker: Worker rq:worker:9e0022493d714727a2deb60ef412698b started with PID 123, version 1.16.0
[2026-01-05 13:23:29,418] INFO rq.worker: Subscribing to channel rq:pubsub:9e0022493d714727a2deb60ef412698b
[2026-01-05 13:23:29,421] INFO rq.worker: *** Listening on export...
[2026-01-05 13:23:29,421] DEBUG rq.worker: Sent heartbeat to prevent worker timeout. Next one should arrive in 480 seconds.
[2026-01-05 13:23:29,426] INFO rq.worker: Cleaning registries for queue: export
[2026-01-05 13:23:29,430] DEBUG rq.worker: *** Listening on export...
[2026-01-05 13:23:29,431] DEBUG rq.worker: Sent heartbeat to prevent worker timeout. Next one should arrive in 480 seconds.
[2026-01-05 13:23:29,431] DEBUG rq.worker: Dequeueing jobs on queues export and timeout 405
[2026-01-05 13:23:29,729] DEBUG rq.worker: Registering birth of worker d82eb67b105b4550b6690a0e3887cddc
[2026-01-05 13:23:29,733] INFO rq.worker: Worker rq:worker:d82eb67b105b4550b6690a0e3887cddc started with PID 122, version 1.16.0
[2026-01-05 13:23:29,733] INFO rq.worker: Subscribing to channel rq:pubsub:d82eb67b105b4550b6690a0e3887cddc
[2026-01-05 13:23:29,736] INFO rq.worker: *** Listening on chunks...
[2026-01-05 13:23:29,736] DEBUG rq.worker: Sent heartbeat to prevent worker timeout. Next one should arrive in 480 seconds.
[2026-01-05 13:23:29,738] INFO rq.worker: Cleaning registries for queue: chunks
[2026-01-05 13:23:29,740] DEBUG rq.worker: *** Listening on chunks...
[2026-01-05 13:23:29,741] DEBUG rq.worker: Sent heartbeat to prevent worker timeout. Next one should arrive in 480 seconds.
[2026-01-05 13:23:29,742] DEBUG rq.worker: Dequeueing jobs on queues chunks and timeout 405
[2026-01-05 13:23:29,971] DEBUG rq.worker: Registering birth of worker 0b20d8b13e1741ecb346fd2655111445
[2026-01-05 13:23:29,974] INFO rq.worker: Worker rq:worker:0b20d8b13e1741ecb346fd2655111445 started with PID 122, version 1.16.0
[2026-01-05 13:23:29,974] INFO rq.worker: Subscribing to channel rq:pubsub:0b20d8b13e1741ecb346fd2655111445
[2026-01-05 13:23:29,977] INFO rq.worker: *** Listening on export...
[2026-01-05 13:23:29,978] DEBUG rq.worker: Sent heartbeat to prevent worker timeout. Next one should arrive in 480 seconds.
[2026-01-05 13:23:29,981] INFO rq.worker: Cleaning registries for queue: export
[2026-01-05 13:23:29,984] DEBUG rq.worker: *** Listening on export...
[2026-01-05 13:23:29,985] DEBUG rq.worker: Sent heartbeat to prevent worker timeout. Next one should arrive in 480 seconds.
[2026-01-05 13:23:29,986] DEBUG rq.worker: Dequeueing jobs on queues export and timeout 405
[2026-01-05 13:23:29,993] DEBUG rq.worker: Registering birth of worker 9b8625a010ca4a6081fca390f38767e9
[2026-01-05 13:23:29,995] INFO rq.worker: Worker rq:worker:9b8625a010ca4a6081fca390f38767e9 started with PID 120, version 1.16.0
[2026-01-05 13:23:29,996] INFO rq.worker: Subscribing to channel rq:pubsub:9b8625a010ca4a6081fca390f38767e9
[2026-01-05 13:23:29,999] INFO rq.worker: *** Listening on quality_reports...
[2026-01-05 13:23:29,999] DEBUG rq.worker: Sent heartbeat to prevent worker timeout. Next one should arrive in 480 seconds.
[2026-01-05 13:23:30,001] INFO rq.worker: Cleaning registries for queue: quality_reports
[2026-01-05 13:23:30,004] DEBUG rq.worker: *** Listening on quality_reports...
[2026-01-05 13:23:30,006] DEBUG rq.worker: Sent heartbeat to prevent worker timeout. Next one should arrive in 480 seconds.
[2026-01-05 13:23:30,007] DEBUG rq.worker: Dequeueing jobs on queues quality_reports and timeout 405
[2026-01-05 13:23:30,125] DEBUG rq.worker: Registering birth of worker f5634ae530d1434ab06a69823d6ead36
[2026-01-05 13:23:30,128] INFO rq.worker: Worker rq:worker:f5634ae530d1434ab06a69823d6ead36 started with PID 121, version 1.16.0
[2026-01-05 13:23:30,128] INFO rq.worker: Subscribing to channel rq:pubsub:f5634ae530d1434ab06a69823d6ead36
[2026-01-05 13:23:30,130] INFO rq.worker: *** Listening on chunks...
[2026-01-05 13:23:30,131] DEBUG rq.worker: Sent heartbeat to prevent worker timeout. Next one should arrive in 480 seconds.
[2026-01-05 13:23:30,132] INFO rq.worker: Cleaning registries for queue: chunks
[2026-01-05 13:23:30,135] DEBUG rq.worker: *** Listening on chunks...
[2026-01-05 13:23:30,136] DEBUG rq.worker: Sent heartbeat to prevent worker timeout. Next one should arrive in 480 seconds.
[2026-01-05 13:23:30,137] DEBUG rq.worker: Dequeueing jobs on queues chunks and timeout 405
[2026-01-05 13:23:30,158] DEBUG rq.worker: Registering birth of worker 408cc5fbaead4a219d8a0a24cc047643
[2026-01-05 13:23:30,160] INFO rq.worker: Worker rq:worker:408cc5fbaead4a219d8a0a24cc047643 started with PID 121, version 1.16.0
[2026-01-05 13:23:30,161] INFO rq.worker: Subscribing to channel rq:pubsub:408cc5fbaead4a219d8a0a24cc047643
[2026-01-05 13:23:30,164] INFO rq.worker: *** Listening on annotation...
[2026-01-05 13:23:30,164] DEBUG rq.worker: Sent heartbeat to prevent worker timeout. Next one should arrive in 480 seconds.
[2026-01-05 13:23:30,166] INFO rq.worker: Cleaning registries for queue: annotation
[2026-01-05 13:23:30,169] DEBUG rq.worker: *** Listening on annotation...
[2026-01-05 13:23:30,170] DEBUG rq.worker: Sent heartbeat to prevent worker timeout. Next one should arrive in 480 seconds.
[2026-01-05 13:23:30,170] DEBUG rq.worker: Dequeueing jobs on queues annotation and timeout 405
[2026-01-05 13:23:30,258] DEBUG rq.worker: Registering birth of worker 9f7c53d1ffa1411db788a3731c3d7e14
[2026-01-05 13:23:30,261] INFO rq.worker: Worker rq:worker:9f7c53d1ffa1411db788a3731c3d7e14 started with PID 121, version 1.16.0
[2026-01-05 13:23:30,261] INFO rq.worker: Subscribing to channel rq:pubsub:9f7c53d1ffa1411db788a3731c3d7e14
[2026-01-05 13:23:30,264] INFO rq.worker: *** Listening on import...
[2026-01-05 13:23:30,265] DEBUG rq.worker: Sent heartbeat to prevent worker timeout. Next one should arrive in 480 seconds.
[2026-01-05 13:23:30,266] INFO rq.worker: Cleaning registries for queue: import
[2026-01-05 13:23:30,269] DEBUG rq.worker: *** Listening on import...
[2026-01-05 13:23:30,270] DEBUG rq.worker: Sent heartbeat to prevent worker timeout. Next one should arrive in 480 seconds.
[2026-01-05 13:23:30,270] DEBUG rq.worker: Dequeueing jobs on queues import and timeout 405
[2026-01-05 13:23:30,311] DEBUG rq.worker: Registering birth of worker db34b3884567459dbef7333b6ab37ade
[2026-01-05 13:23:30,313] INFO rq.worker: Worker rq:worker:db34b3884567459dbef7333b6ab37ade started with PID 121, version 1.16.0
[2026-01-05 13:23:30,314] INFO rq.worker: Subscribing to channel rq:pubsub:db34b3884567459dbef7333b6ab37ade
[2026-01-05 13:23:30,316] INFO rq.worker: *** Listening on webhooks...
[2026-01-05 13:23:30,317] DEBUG rq.worker: Sent heartbeat to prevent worker timeout. Next one should arrive in 480 seconds.
[2026-01-05 13:23:30,318] INFO rq.worker: Cleaning registries for queue: webhooks
[2026-01-05 13:23:30,321] DEBUG rq.worker: *** Listening on webhooks...
[2026-01-05 13:23:30,322] DEBUG rq.worker: Sent heartbeat to prevent worker timeout. Next one should arrive in 480 seconds.
[2026-01-05 13:23:30,322] DEBUG rq.worker: Dequeueing jobs on queues webhooks and timeout 405
[2026-01-05 13:23:30,380] INFO rq_scheduler.scheduler: Registering birth
[2026-01-05 13:23:30,431] DEBUG rq.worker: Registering birth of worker e30729e0db724722a9d351890d79adb0
[2026-01-05 13:23:30,434] INFO rq.worker: Worker rq:worker:e30729e0db724722a9d351890d79adb0 started with PID 121, version 1.16.0
[2026-01-05 13:23:30,434] INFO rq.worker: Subscribing to channel rq:pubsub:e30729e0db724722a9d351890d79adb0
[2026-01-05 13:23:30,437] INFO rq.worker: *** Listening on consensus...
[2026-01-05 13:23:30,437] DEBUG rq.worker: Sent heartbeat to prevent worker timeout. Next one should arrive in 480 seconds.
[2026-01-05 13:23:30,439] INFO rq.worker: Cleaning registries for queue: consensus
[2026-01-05 13:23:30,442] DEBUG rq.worker: *** Listening on consensus...
[2026-01-05 13:23:30,443] DEBUG rq.worker: Sent heartbeat to prevent worker timeout. Next one should arrive in 480 seconds.
[2026-01-05 13:23:30,443] DEBUG rq.worker: Dequeueing jobs on queues consensus and timeout 405
[2026-01-05 13:23:30,623] DEBUG rq.worker: Registering birth of worker 7899f916e95048809d63d5e561834c56
[2026-01-05 13:23:30,625] INFO rq.worker: Worker rq:worker:7899f916e95048809d63d5e561834c56 started with PID 122, version 1.16.0
[2026-01-05 13:23:30,625] INFO rq.worker: Subscribing to channel rq:pubsub:7899f916e95048809d63d5e561834c56
[2026-01-05 13:23:30,627] INFO rq.worker: *** Listening on import...
[2026-01-05 13:23:30,627] DEBUG rq.worker: Sent heartbeat to prevent worker timeout. Next one should arrive in 480 seconds.
[2026-01-05 13:23:30,628] INFO rq.worker: Cleaning registries for queue: import
[2026-01-05 13:23:30,632] DEBUG rq.worker: *** Listening on import...
[2026-01-05 13:23:30,633] DEBUG rq.worker: Sent heartbeat to prevent worker timeout. Next one should arrive in 480 seconds.
[2026-01-05 13:23:30,633] DEBUG rq.worker: Dequeueing jobs on queues import and timeout 405
[2026-01-05 13:23:30,633] DEBUG rq.worker: Registering birth of worker 5990cee11c364fefa28a3ea9e5365411
[2026-01-05 13:23:30,634] INFO rq.worker: Worker rq:worker:5990cee11c364fefa28a3ea9e5365411 started with PID 122, version 1.16.0
[2026-01-05 13:23:30,635] INFO rq.worker: Subscribing to channel rq:pubsub:5990cee11c364fefa28a3ea9e5365411
[2026-01-05 13:23:30,637] INFO rq.worker: *** Listening on notifications, cleaning...
[2026-01-05 13:23:30,637] DEBUG rq.worker: Sent heartbeat to prevent worker timeout. Next one should arrive in 480 seconds.
[2026-01-05 13:23:30,638] INFO rq.worker: Cleaning registries for queue: notifications
[2026-01-05 13:23:30,640] INFO rq.worker: Cleaning registries for queue: cleaning
[2026-01-05 13:23:30,641] DEBUG rq.worker: *** Listening on notifications,cleaning...
[2026-01-05 13:23:30,642] DEBUG rq.worker: Sent heartbeat to prevent worker timeout. Next one should arrive in 480 seconds.
[2026-01-05 13:23:30,642] DEBUG rq.worker: Dequeueing jobs on queues notifications,cleaning and timeout 405
[2026-01-05 13:23:51,525] WARNING django.request: Not Found: /api/user-agreements
[2026-01-05 13:23:54,904] WARNING django.request: Not Found: /api/user-agreements
[2026-01-05 13:23:56,526] WARNING django.request: Not Found: /api/user-agreements
[2026-01-05 13:23:56,527] WARNING django.request: Unauthorized: /api/users/self
[2026-01-05 13:24:03,990] WARNING django.request: Unauthorized: /api/users/self
[2026-01-05 13:24:13,457] WARNING django.request: Unauthorized: /api/users/self
[2026-01-05 13:24:13,476] WARNING django.request: Not Found: /api/user-agreements
[2026-01-05 13:24:27,687] WARNING django.request: Not Found: /api/user-agreements
[2026-01-05 13:24:30,687] WARNING django.request: Not Found: /api/user-agreements
[2026-01-05 13:24:31,981] WARNING django.request: Not Found: /api/user-agreements
[2026-01-05 13:24:31,983] WARNING django.request: Unauthorized: /api/users/self
[2026-01-05 13:25:37,868] WARNING django.request: Unauthorized: /api/users/self
[2026-01-05 13:25:37,871] WARNING django.request: Not Found: /api/user-agreements
[2026-01-05 13:26:03,143] WARNING django.request: Not Found: /api/user-agreements
[2026-01-05 13:26:03,144] WARNING django.request: Unauthorized: /api/users/self
[2026-01-05 13:26:25,240] WARNING django.request: Not Found: /api/user-agreements
[2026-01-05 13:26:28,772] WARNING django.request: Not Found: /api/user-agreements
[2026-01-05 13:26:35,771] WARNING django.request: Not Found: /api/user-agreements
[2026-01-05 13:26:35,771] WARNING django.request: Unauthorized: /api/users/self
[2026-01-05 13:27:19,905] WARNING django.request: Not Found: /api/user-agreements
[2026-01-05 13:27:19,905] WARNING django.request: Unauthorized: /api/users/self
[2026-01-05 13:27:44,053] ERROR django.request: Internal Server Error: /api/invitations
Traceback (most recent call last):
  File "/opt/venv/lib/python3.10/site-packages/asgiref/sync.py", line 518, in thread_handler
    raise exc_info[1]
  File "/opt/venv/lib/python3.10/site-packages/django/core/handlers/exception.py", line 42, in inner
    response = await get_response(request)
  File "/opt/venv/lib/python3.10/site-packages/django/core/handlers/base.py", line 253, in _get_response_async
    response = await wrapped_callback(
  File "/opt/venv/lib/python3.10/site-packages/asgiref/sync.py", line 468, in __call__
    ret = await asyncio.shield(exec_coro)
  File "/opt/venv/lib/python3.10/site-packages/asgiref/current_thread_executor.py", line 40, in run
    result = self.fn(*self.args, **self.kwargs)
  File "/opt/venv/lib/python3.10/site-packages/asgiref/sync.py", line 522, in thread_handler
    return func(*args, **kwargs)
  File "/opt/venv/lib/python3.10/site-packages/django/views/decorators/csrf.py", line 56, in wrapper_view
    return view_func(*args, **kwargs)
  File "/opt/venv/lib/python3.10/site-packages/rest_framework/viewsets.py", line 125, in view
    return self.dispatch(request, *args, **kwargs)
  File "/opt/venv/lib/python3.10/site-packages/rest_framework/views.py", line 515, in dispatch
    response = self.handle_exception(exc)
  File "/opt/venv/lib/python3.10/site-packages/rest_framework/views.py", line 475, in handle_exception
    self.raise_uncaught_exception(exc)
  File "/opt/venv/lib/python3.10/site-packages/rest_framework/views.py", line 486, in raise_uncaught_exception
    raise exc
  File "/opt/venv/lib/python3.10/site-packages/rest_framework/views.py", line 512, in dispatch
    response = handler(request, *args, **kwargs)
  File "/home/django/cvat/apps/organizations/views.py", line 279, in create
    self.perform_create(serializer)
  File "/home/django/cvat/apps/organizations/views.py", line 289, in perform_create
    serializer.save(
  File "/home/django/cvat/apps/organizations/serializers.py", line 145, in save
    invitation = super().save(**kwargs)
  File "/opt/venv/lib/python3.10/site-packages/rest_framework/serializers.py", line 210, in save
    self.instance = self.create(validated_data)
  File "/usr/lib/python3.10/contextlib.py", line 79, in inner
    return func(*args, **kwds)
  File "/home/django/cvat/apps/organizations/serializers.py", line 122, in create
    user = get_user_model().objects.get(email__iexact=membership_data["user"]["email"])
  File "/opt/venv/lib/python3.10/site-packages/django/db/models/manager.py", line 87, in manager_method
    return getattr(self.get_queryset(), name)(*args, **kwargs)
  File "/opt/venv/lib/python3.10/site-packages/django/db/models/query.py", line 642, in get
    raise self.model.MultipleObjectsReturned(
django.contrib.auth.models.User.MultipleObjectsReturned: get() returned more than one User -- it returned 2!
[2026-01-05 13:29:08,243] WARNING django.request: Not Found: /api/user-agreements
[2026-01-05 13:29:39,679] WARNING django.request: Not Found: /api/user-agreements
[2026-01-05 13:29:47,213] WARNING django.request: Not Found: /api/user-agreements
